timestamp,action,ticker,shares,price,reason
2025-03-21T03:57:50.330166,BUY,ADD,425.2233,0.92,New Signal
2025-03-21T13:23:46.195229,BUY,ADD,9518.7456,0.9,New Signal
2025-03-21T13:23:58.097817,SELL,LOVE,100.2498,17.19,Stop-loss triggered
2025-03-21T13:24:00.204690,SELL,SEA,253.0,12.71,Stop-loss triggered
2025-03-21T13:24:02.397262,SELL,TSLA,10.1718,245.484,Target hit
2025-03-21T13:24:04.608303,SELL,WANT,50.5741,34.4,Stop-loss triggered
2025-03-21T13:24:05.726728,SELL,WELL,10.4076,146.95,Stop-loss triggered
2025-03-21T13:28:52.356019,BUY,TSLA,26.5361,245.35,New Signal
2025-03-21T13:28:53.416088,BUY,LOVE,379.4069,17.16,New Signal
2025-03-21T13:28:54.500119,BUY,WANT,189.2623,34.4,New Signal
2025-03-21T13:28:55.568750,BUY,SEA,512.2441,12.71,New Signal
2025-03-21T13:28:56.720024,BUY,WELL,44.373,146.725,New Signal
2025-03-21T13:29:08.514214,SELL,IBKR,9.9733,172.7,Stop-loss triggered
2025-03-21T13:31:55.716054,BUY,IBKR,19.5989,172.53,New Signal
2025-03-21T13:31:57.890680,SELL,BRO,19.5739,118.76,Stop-loss triggered
2025-03-21T13:38:49.646184,BUY,BRO,26.7493,118.81,New Signal
2025-03-21T16:19:50.663125,SELL,CRWD,4.7257,362.24,Stop-loss triggered
2025-03-21T16:19:51.968777,SELL,DAY,26.8034,58.5,Target hit
2025-03-21T16:19:59.500429,SELL,IONQ,10.0,22.26,Target hit
2025-03-21T16:20:08.020485,SELL,WANT,189.2623,35.0,Target hit
2025-03-22T01:47:25.201774,BUY,SRBK,250.9531,11.79,New Signal
2025-03-22T01:47:27.378179,BUY,TREE,57.2511,51.68,New Signal
2025-03-22T01:47:28.496275,BUY,EONR,4803.1442,0.616,New Signal
2025-03-22T01:47:29.654845,BUY,CULP,550.9752,5.37,New Signal
2025-03-22T01:47:30.793509,BUY,CUBA,1099.9021,2.69,New Signal
2025-03-22T01:47:33.002120,BUY,FCNCA,1.5983,1851.2,New Signal
2025-03-22T01:47:34.089461,BUY,WEST,429.4248,6.89,New Signal
2025-03-22T01:47:35.192899,BUY,MCVT,1643.7427,1.8,New Signal
2025-03-22T01:47:36.291170,BUY,ECAT,182.3005,16.23,New Signal
2025-03-22T01:47:37.546380,BUY,NL,386.763,7.65,New Signal
2025-03-22T01:58:34.822119,SHORT,ALHC,1,17.61,Short Signal
2025-03-22T02:03:49.093266,SHORT,ALHC,1,17.61,Short Signal
2025-03-22T02:03:56.518862,SHORT,AVAH,5,5.29,Short Signal
2025-03-22T02:04:09.706558,SHORT,GAP,1,20.02,Short Signal
2025-03-22T02:04:14.980316,SHORT,PKOH,1,22.0,Short Signal
2025-03-22T02:04:37.851153,SHORT,NN,2,11.97,Short Signal
2025-03-22T02:04:43.319702,SHORT,DFH,1,23.44,Short Signal
2025-03-22T02:04:45.492329,SHORT,WEAV,2,11.7,Short Signal
2025-03-22T02:04:47.657417,SHORT,RRGB,7,4.12,Short Signal
2025-03-22T02:04:49.812733,SHORT,CERS,19,1.53,Short Signal
2025-03-22T02:04:51.989709,SHORT,JAMF,2,13.17,Short Signal
2025-03-22T02:04:55.258581,SHORT,BLFS,1,24.99,Short Signal
2025-03-22T02:04:56.347413,SHORT,TDUP,11,2.56,Short Signal
2025-03-22T02:04:58.548395,SHORT,ACMR,1,26.87,Short Signal
2025-03-22T02:05:01.844816,SHORT,SG,1,24.94,Short Signal
2025-03-22T02:05:05.112189,SHORT,SGRY,1,24.21,Short Signal
2025-03-22T02:05:08.508644,SHORT,FTI,1,29.36,Short Signal
2025-03-22T02:05:13.722595,SHORT,ZIP,4,5.91,Short Signal
2025-03-22T02:05:14.809490,SHORT,EVER,1,28.71,Short Signal
2025-03-22T02:05:17.306432,SHORT,EVCM,2,10.08,Short Signal
2025-03-22T02:05:22.802992,SHORT,BZFD,13,2.2,Short Signal
2025-03-22T02:05:35.611302,SHORT,FNKO,4,7.3,Short Signal
2025-03-22T02:05:36.698674,SHORT,CYRX,5,5.69,Short Signal
2025-03-22T02:05:40.518720,SHORT,FWRG,1,16.34,Short Signal
2025-03-22T02:05:42.747378,SHORT,DGICA,1,18.23,Short Signal
2025-03-22T02:05:44.908979,SHORT,GO,2,12.68,Short Signal
2025-03-22T02:05:48.181319,SHORT,UTI,1,26.47,Short Signal
2025-03-22T02:05:50.397514,SHORT,CTRA,1,28.72,Short Signal
2025-03-22T02:05:51.482986,SHORT,TDOC,3,8.41,Short Signal
2025-03-22T02:05:52.570292,SHORT,UPWK,2,13.57,Short Signal
2025-03-22T02:05:53.655015,SHORT,STOK,3,8.15,Short Signal
2025-03-22T02:06:01.170646,SHORT,TSVT,5,4.95,Short Signal
2025-03-22T02:06:04.409562,SHORT,ACCD,4,7.01,Short Signal
2025-03-22T02:06:06.575293,SHORT,BBAI,9,2.97,Short Signal
2025-03-22T02:06:13.222982,SHORT,AI,1,22.62,Short Signal
2025-03-22T02:06:15.409821,SHORT,NCMI,5,5.72,Short Signal
2025-03-22T02:06:16.496246,SHORT,EOLS,2,13.03,Short Signal
2025-03-22T02:06:17.588796,SHORT,ONTF,5,5.48,Short Signal
2025-03-22T02:06:19.758383,SHORT,MDXG,3,7.94,Short Signal
2025-03-22T02:06:20.847029,SHORT,OPEN,24,1.2,Short Signal
2025-03-22T02:06:23.008432,SHORT,KNSA,1,23.36,Short Signal
2025-03-22T02:06:25.167463,SHORT,RKLB,1,18.94,Short Signal
2025-03-22T02:06:27.325209,SHORT,SNAP,3,9.33,Short Signal
2025-03-22T02:06:28.411422,SHORT,CWAN,1,26.49,Short Signal
2025-03-22T02:06:37.011196,SHORT,DJT,1,20.25,Short Signal
2025-03-22T02:06:39.227728,SHORT,GLRE,2,13.22,Short Signal
2025-03-22T02:06:43.503763,SHORT,HG,1,20.74,Short Signal
2025-03-22T02:06:44.614699,SHORT,CNTA,1,15.75,Short Signal
2025-03-22T02:06:47.924449,SHORT,ARQT,1,17.01,Short Signal
2025-03-22T02:06:50.053445,SHORT,CPNG,1,23.34,Short Signal
2025-03-22T02:06:52.213844,SHORT,RXT,15,1.87,Short Signal
2025-03-22T02:06:53.296042,SHORT,ASUR,2,10.07,Short Signal
2025-03-22T02:06:54.425495,SHORT,AMRC,2,13.41,Short Signal
2025-03-22T02:06:58.753821,SHORT,TRAK,1,20.31,Short Signal
2025-03-22T02:07:09.462741,SHORT,LINC,1,14.99,Short Signal
2025-03-22T02:07:13.931195,SHORT,IONQ,1,22.26,Short Signal
2025-03-22T02:07:16.061755,SHORT,USNA,1,27.31,Short Signal
2025-03-22T02:07:19.405780,SHORT,SPOK,1,15.89,Short Signal
2025-03-22T02:07:20.497179,SHORT,TDC,1,22.9,Short Signal
2025-03-22T02:07:21.594073,SHORT,XNCR,2,13.2,Short Signal
2025-03-22T02:07:23.767419,SHORT,S,1,19.27,Short Signal
2025-03-22T02:07:28.014866,SHORT,ACVA,1,15.31,Short Signal
2025-03-22T02:07:33.432263,SHORT,MXCT,9,3.09,Short Signal
2025-03-22T02:07:37.723379,SHORT,AIRG,7,3.99,Short Signal
2025-03-22T02:07:38.808441,SHORT,NRDY,18,1.58,Short Signal
2025-03-22T02:07:40.981883,SHORT,SLRN,10,2.75,Short Signal
2025-03-22T02:07:43.141743,SHORT,EXFY,9,3.25,Short Signal
2025-03-22T02:07:46.364715,SHORT,VSTM,4,6.65,Short Signal
2025-03-22T02:07:49.743922,SHORT,OLP,1,26.24,Short Signal
2025-03-22T02:07:51.880605,SHORT,MCW,3,8.1,Short Signal
2025-03-22T02:07:52.966595,SHORT,RELY,1,20.33,Short Signal
2025-03-22T02:07:55.200160,SHORT,ESPR,17,1.69,Short Signal
2025-03-22T02:08:00.553351,SHORT,RSI,2,10.96,Short Signal
2025-03-22T02:08:02.779659,SHORT,SKYT,3,7.85,Short Signal
2025-03-22T02:08:03.970598,SHORT,HFWA,1,23.78,Short Signal
2025-03-22T02:08:11.601867,SHORT,ADPT,3,8.4,Short Signal
2025-03-22T02:08:12.702543,SHORT,PSTL,2,13.85,Short Signal
2025-03-22T02:08:14.852425,SHORT,SEAT,10,2.81,Short Signal
2025-03-22T02:08:17.067229,SHORT,ACIC,2,11.93,Short Signal
2025-03-22T02:08:22.582498,SHORT,SVCO,5,5.14,Short Signal
2025-03-22T02:08:24.746527,SHORT,CRCT,5,5.36,Short Signal
2025-03-22T02:08:25.834732,SHORT,GRND,1,17.34,Short Signal
2025-03-22T02:08:33.454546,SHORT,VTLE,1,22.11,Short Signal
2025-03-22T02:08:34.545631,SHORT,DYN,2,12.08,Short Signal
2025-03-22T02:08:38.936664,SHORT,PAY,1,27.29,Short Signal
2025-03-22T02:08:43.310257,SHORT,INDI,13,2.23,Short Signal
2025-03-22T02:08:46.007160,SHORT,SOFI,2,12.87,Short Signal
2025-03-22T02:08:48.192787,SHORT,ELVN,1,21.08,Short Signal
2025-03-22T02:08:49.868123,SHORT,ESRT,3,7.97,Short Signal
2025-03-22T02:08:50.999776,SHORT,ESI,1,25.23,Short Signal
2025-03-22T02:08:52.091621,SHORT,FOA,1,21.19,Short Signal
2025-03-22T02:08:54.267821,SHORT,EGHT,13,2.16,Short Signal
2025-03-22T02:08:56.507354,SHORT,TASK,2,13.38,Short Signal
2025-03-22T02:19:13.089851,SHORT,TEAM,76,227.34,Short Signal
2025-03-22T02:19:16.400901,SHORT,ALHC,1,17.61,Short Signal
2025-03-22T02:19:20.218921,SHORT,AVAH,1,5.29,Short Signal
2025-03-22T02:19:46.571669,SHORT,RRGB,1,4.12,Short Signal
2025-03-22T02:22:17.612088,SHORT,TEAM,8,227.34,Short Signal
2025-03-22T02:22:18.165983,SHORT,APP,5,314.03,Short Signal
2025-03-22T02:22:18.738837,SHORT,EQIX,2,834.59,Short Signal
2025-03-22T02:22:19.311656,SHORT,TDG,1,1346.12,Short Signal
2025-03-22T02:22:20.444076,SHORT,IRON,35,52.24,Short Signal
2025-03-22T02:22:20.996476,SHORT,ALHC,104,17.61,Short Signal
2025-03-22T02:22:21.572205,SHORT,INTU,3,604.04,Short Signal
2025-03-22T02:22:22.122539,SHORT,IOT,45,40.16,Short Signal
2025-03-22T02:22:22.674635,SHORT,RDDT,15,115.7,Short Signal
2025-03-22T02:22:23.228930,SHORT,SFM,12,142.39,Short Signal
2025-03-22T02:22:23.780417,SHORT,DUOL,5,309.3,Short Signal
2025-03-22T02:22:24.882460,SHORT,AVAH,348,5.29,Short Signal
2025-03-22T02:22:25.466496,SHORT,MGPI,62,29.55,Short Signal
2025-03-22T02:22:26.020287,SHORT,CWST,16,110.46,Short Signal
2025-03-22T02:22:27.127480,SHORT,NTRA,12,151.15,Short Signal
2025-03-22T02:22:27.721194,SHORT,TPL,1,1273.15,Short Signal
2025-03-22T02:22:28.277426,SHORT,ZS,8,205.2,Short Signal
2025-03-22T02:22:29.394134,SHORT,IDCC,8,217.35,Short Signal
2025-03-22T02:22:43.940794,SHORT,ISRG,3,492.49,Short Signal
SRBK,bullish,SRBK-BATM,2025-03-28,100.0,call,2025-03-22T16:04:17.864772
BUKS,bullish,BUKS-BATM,2025-03-28,100.0,call,2025-03-22T16:04:17.866184
TREE,bullish,TREE-BATM,2025-03-28,100.0,call,2025-03-22T16:04:17.868210
EONR,bullish,EONR-BATM,2025-03-28,100.0,call,2025-03-22T16:04:17.870210
CULP,bullish,CULP-BATM,2025-03-28,100.0,call,2025-03-22T16:04:17.872169
CUBA,bullish,CUBA-BATM,2025-03-28,100.0,call,2025-03-22T16:04:17.874190
ZOM,bullish,ZOM-BATM,2025-03-28,100.0,call,2025-03-22T16:04:17.876235
FCNCA,bullish,FCNCA-BATM,2025-03-28,100.0,call,2025-03-22T16:04:17.878424
WEST,bullish,WEST-BATM,2025-03-28,100.0,call,2025-03-22T16:04:17.880622
MCVT,bullish,MCVT-BATM,2025-03-28,100.0,call,2025-03-22T16:04:17.882634
ECAT,bullish,ECAT-BATM,2025-03-28,100.0,call,2025-03-22T16:04:17.884703
NL,bullish,NL-BATM,2025-03-28,100.0,call,2025-03-22T16:04:17.886772
KRO,bullish,KRO-BATM,2025-03-28,100.0,call,2025-03-22T16:04:17.888833
VG,bullish,VG-BATM,2025-03-28,100.0,call,2025-03-22T16:04:17.890862
RCG,bullish,RCG-BATM,2025-03-28,100.0,call,2025-03-22T16:04:17.892976
TTSH,bullish,TTSH-BATM,2025-03-28,100.0,call,2025-03-22T16:04:17.895043
PSEC,bullish,PSEC-BATM,2025-03-28,100.0,call,2025-03-22T16:04:17.897273
BLNE,bullish,BLNE-BATM,2025-03-28,100.0,call,2025-03-22T16:04:17.899349
FLWS,bullish,FLWS-BATM,2025-03-28,100.0,call,2025-03-22T16:04:17.901441
BUSE,bullish,BUSE-BATM,2025-03-28,100.0,call,2025-03-22T16:04:17.903571
BTMD,bullish,BTMD-BATM,2025-03-28,100.0,call,2025-03-22T16:04:17.905751
ONTF,bullish,ONTF-BATM,2025-03-28,100.0,call,2025-03-22T16:04:17.908006
DK,bullish,DK-BATM,2025-03-28,100.0,call,2025-03-22T16:04:17.910199
MKZR,bullish,MKZR-BATM,2025-03-28,100.0,call,2025-03-22T16:04:17.912345
MVBF,bullish,MVBF-BATM,2025-03-28,100.0,call,2025-03-22T16:04:17.914573
VREO,bullish,VREO-BATM,2025-03-28,100.0,call,2025-03-22T16:04:17.916787
ASAN,bullish,ASAN-BATM,2025-03-28,100.0,call,2025-03-22T16:04:17.918965
NTST,bullish,NTST-BATM,2025-03-28,100.0,call,2025-03-22T16:04:17.921241
CION,bullish,CION-BATM,2025-03-28,100.0,call,2025-03-22T16:04:17.923488
CSPI,bullish,CSPI-BATM,2025-03-28,100.0,call,2025-03-22T16:04:17.925729
TEAM,bearish,TEAM-BATM,2025-03-28,100.0,put,2025-03-22T16:04:17.927971
APP,bearish,APP-BATM,2025-03-28,100.0,put,2025-03-22T16:04:17.930147
EQIX,bearish,EQIX-BATM,2025-03-28,100.0,put,2025-03-22T16:04:17.932372
TDG,bearish,TDG-BATM,2025-03-28,100.0,put,2025-03-22T16:04:17.934581
FICO,bearish,FICO-BATM,2025-03-28,100.0,put,2025-03-22T16:04:17.936876
IRON,bearish,IRON-BATM,2025-03-28,100.0,put,2025-03-22T16:04:17.939229
ALHC,bearish,ALHC-BATM,2025-03-28,100.0,put,2025-03-22T16:04:17.941550
INTU,bearish,INTU-BATM,2025-03-28,100.0,put,2025-03-22T16:04:17.943865
IOT,bearish,IOT-BATM,2025-03-28,100.0,put,2025-03-22T16:04:17.946208
RDDT,bearish,RDDT-BATM,2025-03-28,100.0,put,2025-03-22T16:04:17.948532
SFM,bearish,SFM-BATM,2025-03-28,100.0,put,2025-03-22T16:04:17.950964
DUOL,bearish,DUOL-BATM,2025-03-28,100.0,put,2025-03-22T16:04:17.953327
TEM,bearish,TEM-BATM,2025-03-28,100.0,put,2025-03-22T16:04:17.955702
AVAH,bearish,AVAH-BATM,2025-03-28,100.0,put,2025-03-22T16:04:17.958080
MGPI,bearish,MGPI-BATM,2025-03-28,100.0,put,2025-03-22T16:04:17.960405
CWST,bearish,CWST-BATM,2025-03-28,100.0,put,2025-03-22T16:04:17.962775
NEUE,bearish,NEUE-BATM,2025-03-28,100.0,put,2025-03-22T16:04:17.965149
NTRA,bearish,NTRA-BATM,2025-03-28,100.0,put,2025-03-22T16:04:17.967558
TPL,bearish,TPL-BATM,2025-03-28,100.0,put,2025-03-22T16:04:17.970073
ZS,bearish,ZS-BATM,2025-03-28,100.0,put,2025-03-22T16:04:17.972459
PLTR,bearish,PLTR-BATM,2025-03-28,100.0,put,2025-03-22T16:04:17.974867
IDCC,bearish,IDCC-BATM,2025-03-28,100.0,put,2025-03-22T16:04:17.977322
KRYS,bearish,KRYS-BATM,2025-03-28,100.0,put,2025-03-22T16:04:17.979742
SMC,bearish,SMC-BATM,2025-03-28,100.0,put,2025-03-22T16:04:17.982273
TARS,bearish,TARS-BATM,2025-03-28,100.0,put,2025-03-22T16:04:17.984694
GAP,bearish,GAP-BATM,2025-03-28,100.0,put,2025-03-22T16:04:17.987159
WDAY,bearish,WDAY-BATM,2025-03-28,100.0,put,2025-03-22T16:04:17.989637
BGNE,bearish,BGNE-BATM,2025-03-28,100.0,put,2025-03-22T16:04:17.992132
MORN,bearish,MORN-BATM,2025-03-28,100.0,put,2025-03-22T16:04:17.994706
PKOH,bearish,PKOH-BATM,2025-03-28,100.0,put,2025-03-22T16:04:17.997228
GWRE,bearish,GWRE-BATM,2025-03-28,100.0,put,2025-03-22T16:04:17.999681
CARG,bearish,CARG-BATM,2025-03-28,100.0,put,2025-03-22T16:04:18.002207
KR,bearish,KR-BATM,2025-03-28,100.0,put,2025-03-22T16:04:18.004767
CSWI,bearish,CSWI-BATM,2025-03-28,100.0,put,2025-03-22T16:04:18.007253
UTHR,bearish,UTHR-BATM,2025-03-28,100.0,put,2025-03-22T16:04:18.009836
ABNB,bearish,ABNB-BATM,2025-03-28,100.0,put,2025-03-22T16:04:18.012330
ADI,bearish,ADI-BATM,2025-03-28,100.0,put,2025-03-22T16:04:18.014835
FSLR,bearish,FSLR-BATM,2025-03-28,100.0,put,2025-03-22T16:04:18.017337
HIMS,bearish,HIMS-BATM,2025-03-28,100.0,put,2025-03-22T16:04:18.019936
PTCT,bearish,PTCT-BATM,2025-03-28,100.0,put,2025-03-22T16:04:18.022485
L,bearish,L-BATM,2025-03-28,100.0,put,2025-03-22T16:04:18.025133
MDGL,bearish,MDGL-BATM,2025-03-28,100.0,put,2025-03-22T16:04:18.027813
OVLY,bearish,OVLY-BATM,2025-03-28,100.0,put,2025-03-22T16:04:18.030528
NET,bearish,NET-BATM,2025-03-28,100.0,put,2025-03-22T16:04:18.033131
DRCT,bearish,DRCT-BATM,2025-03-28,100.0,put,2025-03-22T16:04:18.035700
QTWO,bearish,QTWO-BATM,2025-03-28,100.0,put,2025-03-22T16:04:18.038395
ISRG,bearish,ISRG-BATM,2025-03-28,100.0,put,2025-03-22T16:04:18.040989
OPRT,bearish,OPRT-BATM,2025-03-28,100.0,put,2025-03-22T16:04:18.043581
PLMR,bearish,PLMR-BATM,2025-03-28,100.0,put,2025-03-22T16:04:18.046264
INTA,bearish,INTA-BATM,2025-03-28,100.0,put,2025-03-22T16:04:18.048963
NN,bearish,NN-BATM,2025-03-28,100.0,put,2025-03-22T16:04:18.051520
MSGS,bearish,MSGS-BATM,2025-03-28,100.0,put,2025-03-22T16:04:18.054139
TOST,bearish,TOST-BATM,2025-03-28,100.0,put,2025-03-22T16:04:18.056799
CLMB,bearish,CLMB-BATM,2025-03-28,100.0,put,2025-03-22T16:04:18.059802
FTNT,bearish,FTNT-BATM,2025-03-28,100.0,put,2025-03-22T16:04:18.062688
DFH,bearish,DFH-BATM,2025-03-28,100.0,put,2025-03-22T16:04:18.065372
SHIM,bearish,SHIM-BATM,2025-03-28,100.0,put,2025-03-22T16:04:18.068049
WEAV,bearish,WEAV-BATM,2025-03-28,100.0,put,2025-03-22T16:04:18.070923
HURN,bearish,HURN-BATM,2025-03-28,100.0,put,2025-03-22T16:04:18.073728
RRGB,bearish,RRGB-BATM,2025-03-28,100.0,put,2025-03-22T16:04:18.076395
AKAM,bearish,AKAM-BATM,2025-03-28,100.0,put,2025-03-22T16:04:18.079256
CERS,bearish,CERS-BATM,2025-03-28,100.0,put,2025-03-22T16:04:18.082022
CRAI,bearish,CRAI-BATM,2025-03-28,100.0,put,2025-03-22T16:04:18.084702
JAMF,bearish,JAMF-BATM,2025-03-28,100.0,put,2025-03-22T16:04:18.087543
GYRE,bearish,GYRE-BATM,2025-03-28,100.0,put,2025-03-22T16:04:18.090273
OPFI,bearish,OPFI-BATM,2025-03-28,100.0,put,2025-03-22T16:04:18.093129
BLFS,bearish,BLFS-BATM,2025-03-28,100.0,put,2025-03-22T16:04:18.095871
TDUP,bearish,TDUP-BATM,2025-03-28,100.0,put,2025-03-22T16:04:18.098644
HGTY,bearish,HGTY-BATM,2025-03-28,100.0,put,2025-03-22T16:04:18.101534
ACMR,bearish,ACMR-BATM,2025-03-28,100.0,put,2025-03-22T16:04:18.104336
PB,bearish,PB-BATM,2025-03-28,100.0,put,2025-03-22T16:04:18.107282
DXCM,bearish,DXCM-BATM,2025-03-28,100.0,put,2025-03-22T16:04:18.110164
SG,bearish,SG-BATM,2025-03-28,100.0,put,2025-03-22T16:04:18.112961
AKRO,bearish,AKRO-BATM,2025-03-28,100.0,put,2025-03-22T16:04:18.115805
DPZ,bearish,DPZ-BATM,2025-03-28,100.0,put,2025-03-22T16:04:18.118672
SGRY,bearish,SGRY-BATM,2025-03-28,100.0,put,2025-03-22T16:04:18.121602
CVNA,bearish,CVNA-BATM,2025-03-28,100.0,put,2025-03-22T16:04:18.124490
MASI,bearish,MASI-BATM,2025-03-28,100.0,put,2025-03-22T16:04:18.127367
GSAT,bearish,GSAT-BATM,2025-03-28,100.0,put,2025-03-22T16:04:18.130261
FTI,bearish,FTI-BATM,2025-03-28,100.0,put,2025-03-22T16:04:18.133214
MP,bearish,MP-BATM,2025-03-28,100.0,put,2025-03-22T16:04:18.136135
NVDA,bearish,NVDA-BATM,2025-03-28,100.0,put,2025-03-22T16:04:18.138985
PEN,bearish,PEN-BATM,2025-03-28,100.0,put,2025-03-22T16:04:18.142059
CRNX,bearish,CRNX-BATM,2025-03-28,100.0,put,2025-03-22T16:04:18.144966
ZIP,bearish,ZIP-BATM,2025-03-28,100.0,put,2025-03-22T16:04:18.147863
EVER,bearish,EVER-BATM,2025-03-28,100.0,put,2025-03-22T16:04:18.150935
ALTR,bearish,ALTR-BATM,2025-03-28,100.0,put,2025-03-22T16:04:18.153863
ACR,bearish,ACR-BATM,2025-03-28,100.0,put,2025-03-22T16:04:18.156784
EVCM,bearish,EVCM-BATM,2025-03-28,100.0,put,2025-03-22T16:04:18.159691
EBAY,bearish,EBAY-BATM,2025-03-28,100.0,put,2025-03-22T16:04:18.162960
PCTY,bearish,PCTY-BATM,2025-03-28,100.0,put,2025-03-22T16:04:18.165906
CW,bearish,CW-BATM,2025-03-28,100.0,put,2025-03-22T16:04:18.169185
CYTK,bearish,CYTK-BATM,2025-03-28,100.0,put,2025-03-22T16:04:18.172192
BZFD,bearish,BZFD-BATM,2025-03-28,100.0,put,2025-03-22T16:04:18.175318
TNYA,bearish,TNYA-BATM,2025-03-28,100.0,put,2025-03-22T16:04:18.178368
TW,bearish,TW-BATM,2025-03-28,100.0,put,2025-03-22T16:04:18.181386
CB,bearish,CB-BATM,2025-03-28,100.0,put,2025-03-22T16:04:18.184450
BDTX,bearish,BDTX-BATM,2025-03-28,100.0,put,2025-03-22T16:04:18.187579
RNGR,bearish,RNGR-BATM,2025-03-28,100.0,put,2025-03-22T16:04:18.190666
DOCU,bearish,DOCU-BATM,2025-03-28,100.0,put,2025-03-22T16:04:18.193706
MA,bearish,MA-BATM,2025-03-28,100.0,put,2025-03-22T16:04:18.196716
BCAT,bearish,BCAT-BATM,2025-03-28,100.0,put,2025-03-22T16:04:18.199967
MIRM,bearish,MIRM-BATM,2025-03-28,100.0,put,2025-03-22T16:04:18.202990
RBLX,bearish,RBLX-BATM,2025-03-28,100.0,put,2025-03-22T16:04:18.206046
CRDO,bearish,CRDO-BATM,2025-03-28,100.0,put,2025-03-22T16:04:18.209323
FNKO,bearish,FNKO-BATM,2025-03-28,100.0,put,2025-03-22T16:04:18.212414
CYRX,bearish,CYRX-BATM,2025-03-28,100.0,put,2025-03-22T16:04:18.215633
CRSP,bearish,CRSP-BATM,2025-03-28,100.0,put,2025-03-22T16:04:18.219189
EQH,bearish,EQH-BATM,2025-03-28,100.0,put,2025-03-22T16:04:18.222330
PRVA,bearish,PRVA-BATM,2025-03-28,100.0,put,2025-03-22T16:04:18.225468
FWRG,bearish,FWRG-BATM,2025-03-28,100.0,put,2025-03-22T16:04:18.228622
DDOG,bearish,DDOG-BATM,2025-03-28,100.0,put,2025-03-22T16:04:18.231778
DGICA,bearish,DGICA-BATM,2025-03-28,100.0,put,2025-03-22T16:04:18.235150
VRNOF,bearish,VRNOF-BATM,2025-03-28,100.0,put,2025-03-22T16:04:18.238358
GO,bearish,GO-BATM,2025-03-28,100.0,put,2025-03-22T16:04:18.241526
PCOR,bearish,PCOR-BATM,2025-03-28,100.0,put,2025-03-22T16:04:18.244750
RNA,bearish,RNA-BATM,2025-03-28,100.0,put,2025-03-22T16:04:18.248011
UTI,bearish,UTI-BATM,2025-03-28,100.0,put,2025-03-22T16:04:18.251332
QLYS,bearish,QLYS-BATM,2025-03-28,100.0,put,2025-03-22T16:04:18.254657
CTRA,bearish,CTRA-BATM,2025-03-28,100.0,put,2025-03-22T16:04:18.257863
TDOC,bearish,TDOC-BATM,2025-03-28,100.0,put,2025-03-22T16:04:18.261250
UPWK,bearish,UPWK-BATM,2025-03-28,100.0,put,2025-03-22T16:04:18.264532
STOK,bearish,STOK-BATM,2025-03-28,100.0,put,2025-03-22T16:04:18.267775
AMBA,bearish,AMBA-BATM,2025-03-28,100.0,put,2025-03-22T16:04:18.271166
CADL,bearish,CADL-BATM,2025-03-28,100.0,put,2025-03-22T16:04:18.274478
ARIS,bearish,ARIS-BATM,2025-03-28,100.0,put,2025-03-22T16:04:18.277783
SNOW,bearish,SNOW-BATM,2025-03-28,100.0,put,2025-03-22T16:04:18.281262
DRS,bearish,DRS-BATM,2025-03-28,100.0,put,2025-03-22T16:04:18.284552
INSM,bearish,INSM-BATM,2025-03-28,100.0,put,2025-03-22T16:04:18.287826
TSVT,bearish,TSVT-BATM,2025-03-28,100.0,put,2025-03-22T16:04:18.291294
RENT,bearish,RENT-BATM,2025-03-28,100.0,put,2025-03-22T16:04:18.294709
RGEN,bearish,RGEN-BATM,2025-03-28,100.0,put,2025-03-22T16:04:18.298047
ACCD,bearish,ACCD-BATM,2025-03-28,100.0,put,2025-03-22T16:04:18.301358
MNST,bearish,MNST-BATM,2025-03-28,100.0,put,2025-03-22T16:04:18.304633
BBAI,bearish,BBAI-BATM,2025-03-28,100.0,put,2025-03-22T16:04:18.308156
FAST,bearish,FAST-BATM,2025-03-28,100.0,put,2025-03-22T16:04:18.311583
WGS,bearish,WGS-BATM,2025-03-28,100.0,put,2025-03-22T16:04:18.314856
THC,bearish,THC-BATM,2025-03-28,100.0,put,2025-03-22T16:04:18.318262
ESTC,bearish,ESTC-BATM,2025-03-28,100.0,put,2025-03-22T16:04:18.321591
OKTA,bearish,OKTA-BATM,2025-03-28,100.0,put,2025-03-22T16:04:18.325191
AI,bearish,AI-BATM,2025-03-28,100.0,put,2025-03-22T16:04:18.328664
PDEX,bearish,PDEX-BATM,2025-03-28,100.0,put,2025-03-22T16:04:18.332019
NCMI,bearish,NCMI-BATM,2025-03-28,100.0,put,2025-03-22T16:04:18.335539
EOLS,bearish,EOLS-BATM,2025-03-28,100.0,put,2025-03-22T16:04:18.338976
ONTF,bearish,ONTF-BATM,2025-03-28,100.0,put,2025-03-22T16:04:18.342370
CTMX,bearish,CTMX-BATM,2025-03-28,100.0,put,2025-03-22T16:04:18.345864
MDXG,bearish,MDXG-BATM,2025-03-28,100.0,put,2025-03-22T16:04:18.349302
OPEN,bearish,OPEN-BATM,2025-03-28,100.0,put,2025-03-22T16:04:18.352727
AFRM,bearish,AFRM-BATM,2025-03-28,100.0,put,2025-03-22T16:04:18.356182
KNSA,bearish,KNSA-BATM,2025-03-28,100.0,put,2025-03-22T16:04:18.359697
RVMD,bearish,RVMD-BATM,2025-03-28,100.0,put,2025-03-22T16:04:18.363356
RKLB,bearish,RKLB-BATM,2025-03-28,100.0,put,2025-03-22T16:04:18.366841
NMIH,bearish,NMIH-BATM,2025-03-28,100.0,put,2025-03-22T16:04:18.370435
SNAP,bearish,SNAP-BATM,2025-03-28,100.0,put,2025-03-22T16:04:18.373861
CWAN,bearish,CWAN-BATM,2025-03-28,100.0,put,2025-03-22T16:04:18.377333
LBTY,bearish,LBTY-BATM,2025-03-28,100.0,put,2025-03-22T16:04:18.380803
KIDS,bearish,KIDS-BATM,2025-03-28,100.0,put,2025-03-22T16:04:18.384324
ETD,bearish,ETD-BATM,2025-03-28,100.0,put,2025-03-22T16:04:18.387825
VMD,bearish,VMD-BATM,2025-03-28,100.0,put,2025-03-22T16:04:18.391520
FTRE,bearish,FTRE-BATM,2025-03-28,100.0,put,2025-03-22T16:04:18.395020
CXDO,bearish,CXDO-BATM,2025-03-28,100.0,put,2025-03-22T16:04:18.398552
BWIN,bearish,BWIN-BATM,2025-03-28,100.0,put,2025-03-22T16:04:18.402128
LIF,bearish,LIF-BATM,2025-03-28,100.0,put,2025-03-22T16:04:18.405716
SDST,bearish,SDST-BATM,2025-03-28,100.0,put,2025-03-22T16:04:18.409339
DJT,bearish,DJT-BATM,2025-03-28,100.0,put,2025-03-22T16:04:18.412897
CLX,bearish,CLX-BATM,2025-03-28,100.0,put,2025-03-22T16:04:18.416629
GLRE,bearish,GLRE-BATM,2025-03-28,100.0,put,2025-03-22T16:04:18.420359
EA,bearish,EA-BATM,2025-03-28,100.0,put,2025-03-22T16:04:18.424040
QSR,bearish,QSR-BATM,2025-03-28,100.0,put,2025-03-22T16:04:18.427687
GTLB,bearish,GTLB-BATM,2025-03-28,100.0,put,2025-03-22T16:04:18.431517
HG,bearish,HG-BATM,2025-03-28,100.0,put,2025-03-22T16:04:18.435347
CNTA,bearish,CNTA-BATM,2025-03-28,100.0,put,2025-03-22T16:04:18.438955
VC,bearish,VC-BATM,2025-03-28,100.0,put,2025-03-22T16:04:18.442602
JOE,bearish,JOE-BATM,2025-03-28,100.0,put,2025-03-22T16:04:18.446199
ARQT,bearish,ARQT-BATM,2025-03-28,100.0,put,2025-03-22T16:04:18.449911
META,bearish,META-BATM,2025-03-28,100.0,put,2025-03-22T16:04:18.453725
CPNG,bearish,CPNG-BATM,2025-03-28,100.0,put,2025-03-22T16:04:18.457623
RDNT,bearish,RDNT-BATM,2025-03-28,100.0,put,2025-03-22T16:04:18.461314
RXT,bearish,RXT-BATM,2025-03-28,100.0,put,2025-03-22T16:04:18.465051
ASUR,bearish,ASUR-BATM,2025-03-28,100.0,put,2025-03-22T16:04:18.468898
AMRC,bearish,AMRC-BATM,2025-03-28,100.0,put,2025-03-22T16:04:18.472592
ESGR,bearish,ESGR-BATM,2025-03-28,100.0,put,2025-03-22T16:04:18.476263
PRCT,bearish,PRCT-BATM,2025-03-28,100.0,put,2025-03-22T16:04:18.479894
IGMS,bearish,IGMS-BATM,2025-03-28,100.0,put,2025-03-22T16:04:18.483794
TRAK,bearish,TRAK-BATM,2025-03-28,100.0,put,2025-03-22T16:04:18.487698
URBN,bearish,URBN-BATM,2025-03-28,100.0,put,2025-03-22T16:04:18.491619
ASTS,bearish,ASTS-BATM,2025-03-28,100.0,put,2025-03-22T16:04:18.495348
CRDA CRDB,bearish,CRDA CRDB-BATM,2025-03-28,100.0,put,2025-03-22T16:04:18.499132
LAZ,bearish,LAZ-BATM,2025-03-28,100.0,put,2025-03-22T16:04:18.502852
FOUR,bearish,FOUR-BATM,2025-03-28,100.0,put,2025-03-22T16:04:18.506757
PAYC,bearish,PAYC-BATM,2025-03-28,100.0,put,2025-03-22T16:04:18.510550
ICE,bearish,ICE-BATM,2025-03-28,100.0,put,2025-03-22T16:04:18.514544
VRTX,bearish,VRTX-BATM,2025-03-28,100.0,put,2025-03-22T16:04:18.518622
LINC,bearish,LINC-BATM,2025-03-28,100.0,put,2025-03-22T16:04:18.522392
FROG,bearish,FROG-BATM,2025-03-28,100.0,put,2025-03-22T16:04:18.526218
MMC,bearish,MMC-BATM,2025-03-28,100.0,put,2025-03-22T16:04:18.530115
NXJ,bearish,NXJ-BATM,2025-03-28,100.0,put,2025-03-22T16:04:18.534011
IONQ,bearish,IONQ-BATM,2025-03-28,100.0,put,2025-03-22T16:04:18.537869
GOOGL,bearish,GOOGL-BATM,2025-03-28,100.0,put,2025-03-22T16:04:18.541733
USNA,bearish,USNA-BATM,2025-03-28,100.0,put,2025-03-22T16:04:18.545752
IPSC,bearish,IPSC-BATM,2025-03-28,100.0,put,2025-03-22T16:04:18.549798
MSGE,bearish,MSGE-BATM,2025-03-28,100.0,put,2025-03-22T16:04:18.553830
SPOK,bearish,SPOK-BATM,2025-03-28,100.0,put,2025-03-22T16:04:18.557646
TDC,bearish,TDC-BATM,2025-03-28,100.0,put,2025-03-22T16:04:18.561714
XNCR,bearish,XNCR-BATM,2025-03-28,100.0,put,2025-03-22T16:04:18.565805
CHPT,bearish,CHPT-BATM,2025-03-28,100.0,put,2025-03-22T16:04:18.569981
S,bearish,S-BATM,2025-03-28,100.0,put,2025-03-22T16:04:18.573896
ROKU,bearish,ROKU-BATM,2025-03-28,100.0,put,2025-03-22T16:04:18.577914
AZO,bearish,AZO-BATM,2025-03-28,100.0,put,2025-03-22T16:04:18.581816
VTOL,bearish,VTOL-BATM,2025-03-28,100.0,put,2025-03-22T16:04:18.585970
ACVA,bearish,ACVA-BATM,2025-03-28,100.0,put,2025-03-22T16:04:18.590064
BJ,bearish,BJ-BATM,2025-03-28,100.0,put,2025-03-22T16:04:18.594097
VITL,bearish,VITL-BATM,2025-03-28,100.0,put,2025-03-22T16:04:18.598162
H,bearish,H-BATM,2025-03-28,100.0,put,2025-03-22T16:04:18.602303
SERV,bearish,SERV-BATM,2025-03-28,100.0,put,2025-03-22T16:04:18.606348
MXCT,bearish,MXCT-BATM,2025-03-28,100.0,put,2025-03-22T16:04:18.610388
LPSN,bearish,LPSN-BATM,2025-03-28,100.0,put,2025-03-22T16:04:18.614609
RBRK,bearish,RBRK-BATM,2025-03-28,100.0,put,2025-03-22T16:04:18.618706
WMT,bearish,WMT-BATM,2025-03-28,100.0,put,2025-03-22T16:04:18.622938
AIRG,bearish,AIRG-BATM,2025-03-28,100.0,put,2025-03-22T16:04:18.627070
NRDY,bearish,NRDY-BATM,2025-03-28,100.0,put,2025-03-22T16:04:18.631176
CBRE,bearish,CBRE-BATM,2025-03-28,100.0,put,2025-03-22T16:04:18.635238
SLRN,bearish,SLRN-BATM,2025-03-28,100.0,put,2025-03-22T16:04:18.639386
MCB,bearish,MCB-BATM,2025-03-28,100.0,put,2025-03-22T16:04:18.643344
EXFY,bearish,EXFY-BATM,2025-03-28,100.0,put,2025-03-22T16:04:18.647372
RMBS,bearish,RMBS-BATM,2025-03-28,100.0,put,2025-03-22T16:04:18.651687
SRRK,bearish,SRRK-BATM,2025-03-28,100.0,put,2025-03-22T16:04:18.655922
VSTM,bearish,VSTM-BATM,2025-03-28,100.0,put,2025-03-22T16:04:18.660140
NUVL,bearish,NUVL-BATM,2025-03-28,100.0,put,2025-03-22T16:04:18.664247
COR,bearish,COR-BATM,2025-03-28,100.0,put,2025-03-22T16:04:18.668359
OLP,bearish,OLP-BATM,2025-03-28,100.0,put,2025-03-22T16:04:18.672444
NTAP,bearish,NTAP-BATM,2025-03-28,100.0,put,2025-03-22T16:04:18.676770
MCW,bearish,MCW-BATM,2025-03-28,100.0,put,2025-03-22T16:04:18.681039
RELY,bearish,RELY-BATM,2025-03-28,100.0,put,2025-03-22T16:04:18.685267
HIG,bearish,HIG-BATM,2025-03-28,100.0,put,2025-03-22T16:04:18.689509
ESPR,bearish,ESPR-BATM,2025-03-28,100.0,put,2025-03-22T16:04:18.693923
PTGX,bearish,PTGX-BATM,2025-03-28,100.0,put,2025-03-22T16:04:18.698210
DKNG,bearish,DKNG-BATM,2025-03-28,100.0,put,2025-03-22T16:04:18.702431
UBER,bearish,UBER-BATM,2025-03-28,100.0,put,2025-03-22T16:04:18.706817
KVYO,bearish,KVYO-BATM,2025-03-28,100.0,put,2025-03-22T16:04:18.711084
RSI,bearish,RSI-BATM,2025-03-28,100.0,put,2025-03-22T16:04:18.715293
MRVL,bearish,MRVL-BATM,2025-03-28,100.0,put,2025-03-22T16:04:18.719486
SKYT,bearish,SKYT-BATM,2025-03-28,100.0,put,2025-03-22T16:04:18.723805
HFWA,bearish,HFWA-BATM,2025-03-28,100.0,put,2025-03-22T16:04:18.728112
EPR,bearish,EPR-BATM,2025-03-28,100.0,put,2025-03-22T16:04:18.732383
COLL,bearish,COLL-BATM,2025-03-28,100.0,put,2025-03-22T16:04:18.736827
VRSK,bearish,VRSK-BATM,2025-03-28,100.0,put,2025-03-22T16:04:18.741203
GILD,bearish,GILD-BATM,2025-03-28,100.0,put,2025-03-22T16:04:18.745467
CME,bearish,CME-BATM,2025-03-28,100.0,put,2025-03-22T16:04:18.749958
MOBX,bearish,MOBX-BATM,2025-03-28,100.0,put,2025-03-22T16:04:18.754305
ADPT,bearish,ADPT-BATM,2025-03-28,100.0,put,2025-03-22T16:04:18.758520
PSTL,bearish,PSTL-BATM,2025-03-28,100.0,put,2025-03-22T16:04:18.762968
JNPR,bearish,JNPR-BATM,2025-03-28,100.0,put,2025-03-22T16:04:18.767269
SEAT,bearish,SEAT-BATM,2025-03-28,100.0,put,2025-03-22T16:04:18.771577
COIN,bearish,COIN-BATM,2025-03-28,100.0,put,2025-03-22T16:04:18.776040
ACIC,bearish,ACIC-BATM,2025-03-28,100.0,put,2025-03-22T16:04:18.780433
PNFP,bearish,PNFP-BATM,2025-03-28,100.0,put,2025-03-22T16:04:18.784990
MPA,bearish,MPA-BATM,2025-03-28,100.0,put,2025-03-22T16:04:18.789362
TVGN,bearish,TVGN-BATM,2025-03-28,100.0,put,2025-03-22T16:04:18.793682
WK,bearish,WK-BATM,2025-03-28,100.0,put,2025-03-22T16:04:18.798067
SVCO,bearish,SVCO-BATM,2025-03-28,100.0,put,2025-03-22T16:04:18.802398
MHK,bearish,MHK-BATM,2025-03-28,100.0,put,2025-03-22T16:04:18.807125
CRCT,bearish,CRCT-BATM,2025-03-28,100.0,put,2025-03-22T16:04:18.811559
GRND,bearish,GRND-BATM,2025-03-28,100.0,put,2025-03-22T16:04:18.816207
LMAT,bearish,LMAT-BATM,2025-03-28,100.0,put,2025-03-22T16:04:18.820674
RGTI,bearish,RGTI-BATM,2025-03-28,100.0,put,2025-03-22T16:04:18.825209
JCI,bearish,JCI-BATM,2025-03-28,100.0,put,2025-03-22T16:04:18.829686
EW,bearish,EW-BATM,2025-03-28,100.0,put,2025-03-22T16:04:18.834464
PEGA,bearish,PEGA-BATM,2025-03-28,100.0,put,2025-03-22T16:04:18.838835
CMG,bearish,CMG-BATM,2025-03-28,100.0,put,2025-03-22T16:04:18.843434
VTLE,bearish,VTLE-BATM,2025-03-28,100.0,put,2025-03-22T16:04:18.848098
DYN,bearish,DYN-BATM,2025-03-28,100.0,put,2025-03-22T16:04:18.852617
CHD,bearish,CHD-BATM,2025-03-28,100.0,put,2025-03-22T16:04:18.857278
CSCO,bearish,CSCO-BATM,2025-03-28,100.0,put,2025-03-22T16:04:18.861734
FLEX,bearish,FLEX-BATM,2025-03-28,100.0,put,2025-03-22T16:04:18.866306
PAY,bearish,PAY-BATM,2025-03-28,100.0,put,2025-03-22T16:04:18.870695
BR,bearish,BR-BATM,2025-03-28,100.0,put,2025-03-22T16:04:18.875152
AZEK,bearish,AZEK-BATM,2025-03-28,100.0,put,2025-03-22T16:04:18.879642
AFL,bearish,AFL-BATM,2025-03-28,100.0,put,2025-03-22T16:04:18.884298
INDI,bearish,INDI-BATM,2025-03-28,100.0,put,2025-03-22T16:04:18.888752
ADMA,bearish,ADMA-BATM,2025-03-28,100.0,put,2025-03-22T16:04:18.893268
ONDS,bearish,ONDS-BATM,2025-03-28,100.0,put,2025-03-22T16:04:18.897783
SOFI,bearish,SOFI-BATM,2025-03-28,100.0,put,2025-03-22T16:04:18.902332
APO,bearish,APO-BATM,2025-03-28,100.0,put,2025-03-22T16:04:18.907179
ELVN,bearish,ELVN-BATM,2025-03-28,100.0,put,2025-03-22T16:04:18.911661
K,bearish,K-BATM,2025-03-28,100.0,put,2025-03-22T16:04:18.916371
ESRT,bearish,ESRT-BATM,2025-03-28,100.0,put,2025-03-22T16:04:18.920915
ESI,bearish,ESI-BATM,2025-03-28,100.0,put,2025-03-22T16:04:18.925654
FOA,bearish,FOA-BATM,2025-03-28,100.0,put,2025-03-22T16:04:18.930481
SRBK,bullish,SRBK-BATM,2025-03-28,100.0,call,2025-03-22T16:53:28.139671
BUKS,bullish,BUKS-BATM,2025-03-28,100.0,call,2025-03-22T16:53:28.143403
TREE,bullish,TREE-BATM,2025-03-28,100.0,call,2025-03-22T16:53:28.148247
EONR,bullish,EONR-BATM,2025-03-28,100.0,call,2025-03-22T16:53:28.152634
CULP,bullish,CULP-BATM,2025-03-28,100.0,call,2025-03-22T16:53:28.157131
CUBA,bullish,CUBA-BATM,2025-03-28,100.0,call,2025-03-22T16:53:28.161728
ZOM,bullish,ZOM-BATM,2025-03-28,100.0,call,2025-03-22T16:53:28.166265
FCNCA,bullish,FCNCA-BATM,2025-03-28,100.0,call,2025-03-22T16:53:28.170798
WEST,bullish,WEST-BATM,2025-03-28,100.0,call,2025-03-22T16:53:28.175276
MCVT,bullish,MCVT-BATM,2025-03-28,100.0,call,2025-03-22T16:53:28.179820
ECAT,bullish,ECAT-BATM,2025-03-28,100.0,call,2025-03-22T16:53:28.184252
NL,bullish,NL-BATM,2025-03-28,100.0,call,2025-03-22T16:53:28.188883
KRO,bullish,KRO-BATM,2025-03-28,100.0,call,2025-03-22T16:53:28.192763
VG,bullish,VG-BATM,2025-03-28,100.0,call,2025-03-22T16:53:28.197733
RCG,bullish,RCG-BATM,2025-03-28,100.0,call,2025-03-22T16:53:28.202333
TTSH,bullish,TTSH-BATM,2025-03-28,100.0,call,2025-03-22T16:53:28.207021
PSEC,bullish,PSEC-BATM,2025-03-28,100.0,call,2025-03-22T16:53:28.211734
BLNE,bullish,BLNE-BATM,2025-03-28,100.0,call,2025-03-22T16:53:28.216332
FLWS,bullish,FLWS-BATM,2025-03-28,100.0,call,2025-03-22T16:53:28.221061
BUSE,bullish,BUSE-BATM,2025-03-28,100.0,call,2025-03-22T16:53:28.225874
BTMD,bullish,BTMD-BATM,2025-03-28,100.0,call,2025-03-22T16:53:28.230617
ONTF,bullish,ONTF-BATM,2025-03-28,100.0,call,2025-03-22T16:53:28.235263
DK,bullish,DK-BATM,2025-03-28,100.0,call,2025-03-22T16:53:28.240079
MKZR,bullish,MKZR-BATM,2025-03-28,100.0,call,2025-03-22T16:53:28.244911
MVBF,bullish,MVBF-BATM,2025-03-28,100.0,call,2025-03-22T16:53:28.249805
VREO,bullish,VREO-BATM,2025-03-28,100.0,call,2025-03-22T16:53:28.254682
ASAN,bullish,ASAN-BATM,2025-03-28,100.0,call,2025-03-22T16:53:28.259379
NTST,bullish,NTST-BATM,2025-03-28,100.0,call,2025-03-22T16:53:28.264109
CION,bullish,CION-BATM,2025-03-28,100.0,call,2025-03-22T16:53:28.269017
CSPI,bullish,CSPI-BATM,2025-03-28,100.0,call,2025-03-22T16:53:28.273997
TEAM,bearish,TEAM-BATM,2025-03-28,100.0,put,2025-03-22T16:53:28.278955
APP,bearish,APP-BATM,2025-03-28,100.0,put,2025-03-22T16:53:28.283735
EQIX,bearish,EQIX-BATM,2025-03-28,100.0,put,2025-03-22T16:53:28.288561
TDG,bearish,TDG-BATM,2025-03-28,100.0,put,2025-03-22T16:53:28.293521
FICO,bearish,FICO-BATM,2025-03-28,100.0,put,2025-03-22T16:53:28.298384
IRON,bearish,IRON-BATM,2025-03-28,100.0,put,2025-03-22T16:53:28.303272
ALHC,bearish,ALHC-BATM,2025-03-28,100.0,put,2025-03-22T16:53:28.308212
INTU,bearish,INTU-BATM,2025-03-28,100.0,put,2025-03-22T16:53:28.313209
IOT,bearish,IOT-BATM,2025-03-28,100.0,put,2025-03-22T16:53:28.318224
RDDT,bearish,RDDT-BATM,2025-03-28,100.0,put,2025-03-22T16:53:28.323214
SFM,bearish,SFM-BATM,2025-03-28,100.0,put,2025-03-22T16:53:28.328200
DUOL,bearish,DUOL-BATM,2025-03-28,100.0,put,2025-03-22T16:53:28.333161
TEM,bearish,TEM-BATM,2025-03-28,100.0,put,2025-03-22T16:53:28.338192
AVAH,bearish,AVAH-BATM,2025-03-28,100.0,put,2025-03-22T16:53:28.343193
MGPI,bearish,MGPI-BATM,2025-03-28,100.0,put,2025-03-22T16:53:28.348196
CWST,bearish,CWST-BATM,2025-03-28,100.0,put,2025-03-22T16:53:28.353162
NEUE,bearish,NEUE-BATM,2025-03-28,100.0,put,2025-03-22T16:53:28.358259
NTRA,bearish,NTRA-BATM,2025-03-28,100.0,put,2025-03-22T16:53:28.363289
TPL,bearish,TPL-BATM,2025-03-28,100.0,put,2025-03-22T16:53:28.368290
ZS,bearish,ZS-BATM,2025-03-28,100.0,put,2025-03-22T16:53:28.373353
PLTR,bearish,PLTR-BATM,2025-03-28,100.0,put,2025-03-22T16:53:28.378409
IDCC,bearish,IDCC-BATM,2025-03-28,100.0,put,2025-03-22T16:53:28.383414
KRYS,bearish,KRYS-BATM,2025-03-28,100.0,put,2025-03-22T16:53:28.388454
SMC,bearish,SMC-BATM,2025-03-28,100.0,put,2025-03-22T16:53:28.393495
TARS,bearish,TARS-BATM,2025-03-28,100.0,put,2025-03-22T16:53:28.398618
GAP,bearish,GAP-BATM,2025-03-28,100.0,put,2025-03-22T16:53:28.403709
WDAY,bearish,WDAY-BATM,2025-03-28,100.0,put,2025-03-22T16:53:28.408888
BGNE,bearish,BGNE-BATM,2025-03-28,100.0,put,2025-03-22T16:53:28.414094
MORN,bearish,MORN-BATM,2025-03-28,100.0,put,2025-03-22T16:53:28.419278
PKOH,bearish,PKOH-BATM,2025-03-28,100.0,put,2025-03-22T16:53:28.424320
GWRE,bearish,GWRE-BATM,2025-03-28,100.0,put,2025-03-22T16:53:28.429424
CARG,bearish,CARG-BATM,2025-03-28,100.0,put,2025-03-22T16:53:28.434511
KR,bearish,KR-BATM,2025-03-28,100.0,put,2025-03-22T16:53:28.439571
CSWI,bearish,CSWI-BATM,2025-03-28,100.0,put,2025-03-22T16:53:28.444713
UTHR,bearish,UTHR-BATM,2025-03-28,100.0,put,2025-03-22T16:53:28.450001
ABNB,bearish,ABNB-BATM,2025-03-28,100.0,put,2025-03-22T16:53:28.455236
ADI,bearish,ADI-BATM,2025-03-28,100.0,put,2025-03-22T16:53:28.460874
FSLR,bearish,FSLR-BATM,2025-03-28,100.0,put,2025-03-22T16:53:28.466150
HIMS,bearish,HIMS-BATM,2025-03-28,100.0,put,2025-03-22T16:53:28.471380
PTCT,bearish,PTCT-BATM,2025-03-28,100.0,put,2025-03-22T16:53:28.476512
L,bearish,L-BATM,2025-03-28,100.0,put,2025-03-22T16:53:28.481575
MDGL,bearish,MDGL-BATM,2025-03-28,100.0,put,2025-03-22T16:53:28.486699
OVLY,bearish,OVLY-BATM,2025-03-28,100.0,put,2025-03-22T16:53:28.492045
NET,bearish,NET-BATM,2025-03-28,100.0,put,2025-03-22T16:53:28.497413
DRCT,bearish,DRCT-BATM,2025-03-28,100.0,put,2025-03-22T16:53:28.502711
QTWO,bearish,QTWO-BATM,2025-03-28,100.0,put,2025-03-22T16:53:28.508140
ISRG,bearish,ISRG-BATM,2025-03-28,100.0,put,2025-03-22T16:53:28.513511
OPRT,bearish,OPRT-BATM,2025-03-28,100.0,put,2025-03-22T16:53:28.518698
PLMR,bearish,PLMR-BATM,2025-03-28,100.0,put,2025-03-22T16:53:28.524068
INTA,bearish,INTA-BATM,2025-03-28,100.0,put,2025-03-22T16:53:28.529513
NN,bearish,NN-BATM,2025-03-28,100.0,put,2025-03-22T16:53:28.534873
MSGS,bearish,MSGS-BATM,2025-03-28,100.0,put,2025-03-22T16:53:28.540313
TOST,bearish,TOST-BATM,2025-03-28,100.0,put,2025-03-22T16:53:28.545488
CLMB,bearish,CLMB-BATM,2025-03-28,100.0,put,2025-03-22T16:53:28.550832
FTNT,bearish,FTNT-BATM,2025-03-28,100.0,put,2025-03-22T16:53:28.556250
DFH,bearish,DFH-BATM,2025-03-28,100.0,put,2025-03-22T16:53:28.561538
SHIM,bearish,SHIM-BATM,2025-03-28,100.0,put,2025-03-22T16:53:28.566832
WEAV,bearish,WEAV-BATM,2025-03-28,100.0,put,2025-03-22T16:53:28.572255
HURN,bearish,HURN-BATM,2025-03-28,100.0,put,2025-03-22T16:53:28.577608
RRGB,bearish,RRGB-BATM,2025-03-28,100.0,put,2025-03-22T16:53:28.583196
AKAM,bearish,AKAM-BATM,2025-03-28,100.0,put,2025-03-22T16:53:28.588599
CERS,bearish,CERS-BATM,2025-03-28,100.0,put,2025-03-22T16:53:28.594131
CRAI,bearish,CRAI-BATM,2025-03-28,100.0,put,2025-03-22T16:53:28.599527
JAMF,bearish,JAMF-BATM,2025-03-28,100.0,put,2025-03-22T16:53:28.604847
GYRE,bearish,GYRE-BATM,2025-03-28,100.0,put,2025-03-22T16:53:28.610373
OPFI,bearish,OPFI-BATM,2025-03-28,100.0,put,2025-03-22T16:53:28.615821
BLFS,bearish,BLFS-BATM,2025-03-28,100.0,put,2025-03-22T16:53:28.621282
TDUP,bearish,TDUP-BATM,2025-03-28,100.0,put,2025-03-22T16:53:28.626569
HGTY,bearish,HGTY-BATM,2025-03-28,100.0,put,2025-03-22T16:53:28.631922
ACMR,bearish,ACMR-BATM,2025-03-28,100.0,put,2025-03-22T16:53:28.637569
PB,bearish,PB-BATM,2025-03-28,100.0,put,2025-03-22T16:53:28.643204
DXCM,bearish,DXCM-BATM,2025-03-28,100.0,put,2025-03-22T16:53:28.648715
SG,bearish,SG-BATM,2025-03-28,100.0,put,2025-03-22T16:53:28.654324
AKRO,bearish,AKRO-BATM,2025-03-28,100.0,put,2025-03-22T16:53:28.659742
DPZ,bearish,DPZ-BATM,2025-03-28,100.0,put,2025-03-22T16:53:28.665296
SGRY,bearish,SGRY-BATM,2025-03-28,100.0,put,2025-03-22T16:53:28.670732
CVNA,bearish,CVNA-BATM,2025-03-28,100.0,put,2025-03-22T16:53:28.676334
MASI,bearish,MASI-BATM,2025-03-28,100.0,put,2025-03-22T16:53:28.681899
GSAT,bearish,GSAT-BATM,2025-03-28,100.0,put,2025-03-22T16:53:28.687569
FTI,bearish,FTI-BATM,2025-03-28,100.0,put,2025-03-22T16:53:28.693244
MP,bearish,MP-BATM,2025-03-28,100.0,put,2025-03-22T16:53:28.698814
NVDA,bearish,NVDA-BATM,2025-03-28,100.0,put,2025-03-22T16:53:28.704436
PEN,bearish,PEN-BATM,2025-03-28,100.0,put,2025-03-22T16:53:28.709999
CRNX,bearish,CRNX-BATM,2025-03-28,100.0,put,2025-03-22T16:53:28.715580
ZIP,bearish,ZIP-BATM,2025-03-28,100.0,put,2025-03-22T16:53:28.721377
EVER,bearish,EVER-BATM,2025-03-28,100.0,put,2025-03-22T16:53:28.726928
ALTR,bearish,ALTR-BATM,2025-03-28,100.0,put,2025-03-22T16:53:28.732541
ACR,bearish,ACR-BATM,2025-03-28,100.0,put,2025-03-22T16:53:28.738244
EVCM,bearish,EVCM-BATM,2025-03-28,100.0,put,2025-03-22T16:53:28.743816
EBAY,bearish,EBAY-BATM,2025-03-28,100.0,put,2025-03-22T16:53:28.749487
PCTY,bearish,PCTY-BATM,2025-03-28,100.0,put,2025-03-22T16:53:28.755048
CW,bearish,CW-BATM,2025-03-28,100.0,put,2025-03-22T16:53:28.760724
CYTK,bearish,CYTK-BATM,2025-03-28,100.0,put,2025-03-22T16:53:28.766324
BZFD,bearish,BZFD-BATM,2025-03-28,100.0,put,2025-03-22T16:53:28.771911
TNYA,bearish,TNYA-BATM,2025-03-28,100.0,put,2025-03-22T16:53:28.777672
TW,bearish,TW-BATM,2025-03-28,100.0,put,2025-03-22T16:53:28.783472
CB,bearish,CB-BATM,2025-03-28,100.0,put,2025-03-22T16:53:28.789105
BDTX,bearish,BDTX-BATM,2025-03-28,100.0,put,2025-03-22T16:53:28.794660
RNGR,bearish,RNGR-BATM,2025-03-28,100.0,put,2025-03-22T16:53:28.800472
DOCU,bearish,DOCU-BATM,2025-03-28,100.0,put,2025-03-22T16:53:28.806115
MA,bearish,MA-BATM,2025-03-28,100.0,put,2025-03-22T16:53:28.811718
BCAT,bearish,BCAT-BATM,2025-03-28,100.0,put,2025-03-22T16:53:28.817563
MIRM,bearish,MIRM-BATM,2025-03-28,100.0,put,2025-03-22T16:53:28.823453
RBLX,bearish,RBLX-BATM,2025-03-28,100.0,put,2025-03-22T16:53:28.829345
CRDO,bearish,CRDO-BATM,2025-03-28,100.0,put,2025-03-22T16:53:28.834991
FNKO,bearish,FNKO-BATM,2025-03-28,100.0,put,2025-03-22T16:53:28.840792
CYRX,bearish,CYRX-BATM,2025-03-28,100.0,put,2025-03-22T16:53:28.846587
CRSP,bearish,CRSP-BATM,2025-03-28,100.0,put,2025-03-22T16:53:28.852457
EQH,bearish,EQH-BATM,2025-03-28,100.0,put,2025-03-22T16:53:28.858219
PRVA,bearish,PRVA-BATM,2025-03-28,100.0,put,2025-03-22T16:53:28.863920
FWRG,bearish,FWRG-BATM,2025-03-28,100.0,put,2025-03-22T16:53:28.869863
DDOG,bearish,DDOG-BATM,2025-03-28,100.0,put,2025-03-22T16:53:28.875614
DGICA,bearish,DGICA-BATM,2025-03-28,100.0,put,2025-03-22T16:53:28.881607
VRNOF,bearish,VRNOF-BATM,2025-03-28,100.0,put,2025-03-22T16:53:28.887497
GO,bearish,GO-BATM,2025-03-28,100.0,put,2025-03-22T16:53:28.893478
PCOR,bearish,PCOR-BATM,2025-03-28,100.0,put,2025-03-22T16:53:28.899455
RNA,bearish,RNA-BATM,2025-03-28,100.0,put,2025-03-22T16:53:28.905451
UTI,bearish,UTI-BATM,2025-03-28,100.0,put,2025-03-22T16:53:28.911272
QLYS,bearish,QLYS-BATM,2025-03-28,100.0,put,2025-03-22T16:53:28.917120
CTRA,bearish,CTRA-BATM,2025-03-28,100.0,put,2025-03-22T16:53:28.922995
TDOC,bearish,TDOC-BATM,2025-03-28,100.0,put,2025-03-22T16:53:28.928913
UPWK,bearish,UPWK-BATM,2025-03-28,100.0,put,2025-03-22T16:53:28.934852
STOK,bearish,STOK-BATM,2025-03-28,100.0,put,2025-03-22T16:53:28.940865
AMBA,bearish,AMBA-BATM,2025-03-28,100.0,put,2025-03-22T16:53:28.946827
CADL,bearish,CADL-BATM,2025-03-28,100.0,put,2025-03-22T16:53:28.952758
ARIS,bearish,ARIS-BATM,2025-03-28,100.0,put,2025-03-22T16:53:28.958792
SNOW,bearish,SNOW-BATM,2025-03-28,100.0,put,2025-03-22T16:53:28.964767
DRS,bearish,DRS-BATM,2025-03-28,100.0,put,2025-03-22T16:53:28.970831
INSM,bearish,INSM-BATM,2025-03-28,100.0,put,2025-03-22T16:53:28.976884
TSVT,bearish,TSVT-BATM,2025-03-28,100.0,put,2025-03-22T16:53:28.982892
RENT,bearish,RENT-BATM,2025-03-28,100.0,put,2025-03-22T16:53:28.988983
RGEN,bearish,RGEN-BATM,2025-03-28,100.0,put,2025-03-22T16:53:28.995155
ACCD,bearish,ACCD-BATM,2025-03-28,100.0,put,2025-03-22T16:53:29.001081
MNST,bearish,MNST-BATM,2025-03-28,100.0,put,2025-03-22T16:53:29.007010
BBAI,bearish,BBAI-BATM,2025-03-28,100.0,put,2025-03-22T16:53:29.013072
FAST,bearish,FAST-BATM,2025-03-28,100.0,put,2025-03-22T16:53:29.019141
WGS,bearish,WGS-BATM,2025-03-28,100.0,put,2025-03-22T16:53:29.025157
THC,bearish,THC-BATM,2025-03-28,100.0,put,2025-03-22T16:53:29.031223
ESTC,bearish,ESTC-BATM,2025-03-28,100.0,put,2025-03-22T16:53:29.037302
OKTA,bearish,OKTA-BATM,2025-03-28,100.0,put,2025-03-22T16:53:29.043232
AI,bearish,AI-BATM,2025-03-28,100.0,put,2025-03-22T16:53:29.049209
PDEX,bearish,PDEX-BATM,2025-03-28,100.0,put,2025-03-22T16:53:29.055294
NCMI,bearish,NCMI-BATM,2025-03-28,100.0,put,2025-03-22T16:53:29.061220
EOLS,bearish,EOLS-BATM,2025-03-28,100.0,put,2025-03-22T16:53:29.067200
ONTF,bearish,ONTF-BATM,2025-03-28,100.0,put,2025-03-22T16:53:29.073224
CTMX,bearish,CTMX-BATM,2025-03-28,100.0,put,2025-03-22T16:53:29.079354
MDXG,bearish,MDXG-BATM,2025-03-28,100.0,put,2025-03-22T16:53:29.085601
OPEN,bearish,OPEN-BATM,2025-03-28,100.0,put,2025-03-22T16:53:29.091525
AFRM,bearish,AFRM-BATM,2025-03-28,100.0,put,2025-03-22T16:53:29.097786
KNSA,bearish,KNSA-BATM,2025-03-28,100.0,put,2025-03-22T16:53:29.104019
RVMD,bearish,RVMD-BATM,2025-03-28,100.0,put,2025-03-22T16:53:29.110131
RKLB,bearish,RKLB-BATM,2025-03-28,100.0,put,2025-03-22T16:53:29.116322
NMIH,bearish,NMIH-BATM,2025-03-28,100.0,put,2025-03-22T16:53:29.122384
SNAP,bearish,SNAP-BATM,2025-03-28,100.0,put,2025-03-22T16:53:29.128531
CWAN,bearish,CWAN-BATM,2025-03-28,100.0,put,2025-03-22T16:53:29.134702
LBTY,bearish,LBTY-BATM,2025-03-28,100.0,put,2025-03-22T16:53:29.141033
KIDS,bearish,KIDS-BATM,2025-03-28,100.0,put,2025-03-22T16:53:29.147184
ETD,bearish,ETD-BATM,2025-03-28,100.0,put,2025-03-22T16:53:29.153377
VMD,bearish,VMD-BATM,2025-03-28,100.0,put,2025-03-22T16:53:29.159453
FTRE,bearish,FTRE-BATM,2025-03-28,100.0,put,2025-03-22T16:53:29.165754
CXDO,bearish,CXDO-BATM,2025-03-28,100.0,put,2025-03-22T16:53:29.172106
BWIN,bearish,BWIN-BATM,2025-03-28,100.0,put,2025-03-22T16:53:29.178284
LIF,bearish,LIF-BATM,2025-03-28,100.0,put,2025-03-22T16:53:29.184394
SDST,bearish,SDST-BATM,2025-03-28,100.0,put,2025-03-22T16:53:29.190579
DJT,bearish,DJT-BATM,2025-03-28,100.0,put,2025-03-22T16:53:29.196907
CLX,bearish,CLX-BATM,2025-03-28,100.0,put,2025-03-22T16:53:29.203234
GLRE,bearish,GLRE-BATM,2025-03-28,100.0,put,2025-03-22T16:53:29.209445
EA,bearish,EA-BATM,2025-03-28,100.0,put,2025-03-22T16:53:29.215791
QSR,bearish,QSR-BATM,2025-03-28,100.0,put,2025-03-22T16:53:29.222121
GTLB,bearish,GTLB-BATM,2025-03-28,100.0,put,2025-03-22T16:53:29.228400
HG,bearish,HG-BATM,2025-03-28,100.0,put,2025-03-22T16:53:29.234825
CNTA,bearish,CNTA-BATM,2025-03-28,100.0,put,2025-03-22T16:53:29.241114
VC,bearish,VC-BATM,2025-03-28,100.0,put,2025-03-22T16:53:29.247468
JOE,bearish,JOE-BATM,2025-03-28,100.0,put,2025-03-22T16:53:29.253898
ARQT,bearish,ARQT-BATM,2025-03-28,100.0,put,2025-03-22T16:53:29.260208
META,bearish,META-BATM,2025-03-28,100.0,put,2025-03-22T16:53:29.266474
CPNG,bearish,CPNG-BATM,2025-03-28,100.0,put,2025-03-22T16:53:29.272675
RDNT,bearish,RDNT-BATM,2025-03-28,100.0,put,2025-03-22T16:53:29.279117
RXT,bearish,RXT-BATM,2025-03-28,100.0,put,2025-03-22T16:53:29.285505
ASUR,bearish,ASUR-BATM,2025-03-28,100.0,put,2025-03-22T16:53:29.291932
AMRC,bearish,AMRC-BATM,2025-03-28,100.0,put,2025-03-22T16:53:29.298352
ESGR,bearish,ESGR-BATM,2025-03-28,100.0,put,2025-03-22T16:53:29.305023
PRCT,bearish,PRCT-BATM,2025-03-28,100.0,put,2025-03-22T16:53:29.311312
IGMS,bearish,IGMS-BATM,2025-03-28,100.0,put,2025-03-22T16:53:29.317667
TRAK,bearish,TRAK-BATM,2025-03-28,100.0,put,2025-03-22T16:53:29.324144
URBN,bearish,URBN-BATM,2025-03-28,100.0,put,2025-03-22T16:53:29.330561
ASTS,bearish,ASTS-BATM,2025-03-28,100.0,put,2025-03-22T16:53:29.337080
CRDA CRDB,bearish,CRDA CRDB-BATM,2025-03-28,100.0,put,2025-03-22T16:53:29.343444
LAZ,bearish,LAZ-BATM,2025-03-28,100.0,put,2025-03-22T16:53:29.350012
FOUR,bearish,FOUR-BATM,2025-03-28,100.0,put,2025-03-22T16:53:29.356524
PAYC,bearish,PAYC-BATM,2025-03-28,100.0,put,2025-03-22T16:53:29.363076
ICE,bearish,ICE-BATM,2025-03-28,100.0,put,2025-03-22T16:53:29.369493
VRTX,bearish,VRTX-BATM,2025-03-28,100.0,put,2025-03-22T16:53:29.376059
LINC,bearish,LINC-BATM,2025-03-28,100.0,put,2025-03-22T16:53:29.382525
FROG,bearish,FROG-BATM,2025-03-28,100.0,put,2025-03-22T16:53:29.389053
MMC,bearish,MMC-BATM,2025-03-28,100.0,put,2025-03-22T16:53:29.395510
NXJ,bearish,NXJ-BATM,2025-03-28,100.0,put,2025-03-22T16:53:29.402125
IONQ,bearish,IONQ-BATM,2025-03-28,100.0,put,2025-03-22T16:53:29.408650
GOOGL,bearish,GOOGL-BATM,2025-03-28,100.0,put,2025-03-22T16:53:29.415290
USNA,bearish,USNA-BATM,2025-03-28,100.0,put,2025-03-22T16:53:29.421993
IPSC,bearish,IPSC-BATM,2025-03-28,100.0,put,2025-03-22T16:53:29.428540
MSGE,bearish,MSGE-BATM,2025-03-28,100.0,put,2025-03-22T16:53:29.435164
SPOK,bearish,SPOK-BATM,2025-03-28,100.0,put,2025-03-22T16:53:29.441751
TDC,bearish,TDC-BATM,2025-03-28,100.0,put,2025-03-22T16:53:29.448315
XNCR,bearish,XNCR-BATM,2025-03-28,100.0,put,2025-03-22T16:53:29.454786
CHPT,bearish,CHPT-BATM,2025-03-28,100.0,put,2025-03-22T16:53:29.461210
S,bearish,S-BATM,2025-03-28,100.0,put,2025-03-22T16:53:29.467870
ROKU,bearish,ROKU-BATM,2025-03-28,100.0,put,2025-03-22T16:53:29.474462
AZO,bearish,AZO-BATM,2025-03-28,100.0,put,2025-03-22T16:53:29.481220
VTOL,bearish,VTOL-BATM,2025-03-28,100.0,put,2025-03-22T16:53:29.487925
ACVA,bearish,ACVA-BATM,2025-03-28,100.0,put,2025-03-22T16:53:29.494586
BJ,bearish,BJ-BATM,2025-03-28,100.0,put,2025-03-22T16:53:29.501227
VITL,bearish,VITL-BATM,2025-03-28,100.0,put,2025-03-22T16:53:29.507974
H,bearish,H-BATM,2025-03-28,100.0,put,2025-03-22T16:53:29.514707
SERV,bearish,SERV-BATM,2025-03-28,100.0,put,2025-03-22T16:53:29.521506
MXCT,bearish,MXCT-BATM,2025-03-28,100.0,put,2025-03-22T16:53:29.528321
LPSN,bearish,LPSN-BATM,2025-03-28,100.0,put,2025-03-22T16:53:29.535095
RBRK,bearish,RBRK-BATM,2025-03-28,100.0,put,2025-03-22T16:53:29.541685
WMT,bearish,WMT-BATM,2025-03-28,100.0,put,2025-03-22T16:53:29.548413
AIRG,bearish,AIRG-BATM,2025-03-28,100.0,put,2025-03-22T16:53:29.555243
NRDY,bearish,NRDY-BATM,2025-03-28,100.0,put,2025-03-22T16:53:29.562019
CBRE,bearish,CBRE-BATM,2025-03-28,100.0,put,2025-03-22T16:53:29.568714
SLRN,bearish,SLRN-BATM,2025-03-28,100.0,put,2025-03-22T16:53:29.575462
MCB,bearish,MCB-BATM,2025-03-28,100.0,put,2025-03-22T16:53:29.582245
EXFY,bearish,EXFY-BATM,2025-03-28,100.0,put,2025-03-22T16:53:29.589334
RMBS,bearish,RMBS-BATM,2025-03-28,100.0,put,2025-03-22T16:53:29.596250
SRRK,bearish,SRRK-BATM,2025-03-28,100.0,put,2025-03-22T16:53:29.603192
VSTM,bearish,VSTM-BATM,2025-03-28,100.0,put,2025-03-22T16:53:29.609860
NUVL,bearish,NUVL-BATM,2025-03-28,100.0,put,2025-03-22T16:53:29.616690
COR,bearish,COR-BATM,2025-03-28,100.0,put,2025-03-22T16:53:29.623545
OLP,bearish,OLP-BATM,2025-03-28,100.0,put,2025-03-22T16:53:29.630453
NTAP,bearish,NTAP-BATM,2025-03-28,100.0,put,2025-03-22T16:53:29.637395
MCW,bearish,MCW-BATM,2025-03-28,100.0,put,2025-03-22T16:53:29.644273
RELY,bearish,RELY-BATM,2025-03-28,100.0,put,2025-03-22T16:53:29.651172
HIG,bearish,HIG-BATM,2025-03-28,100.0,put,2025-03-22T16:53:29.657844
ESPR,bearish,ESPR-BATM,2025-03-28,100.0,put,2025-03-22T16:53:29.664674
PTGX,bearish,PTGX-BATM,2025-03-28,100.0,put,2025-03-22T16:53:29.671629
DKNG,bearish,DKNG-BATM,2025-03-28,100.0,put,2025-03-22T16:53:29.678542
UBER,bearish,UBER-BATM,2025-03-28,100.0,put,2025-03-22T16:53:29.685474
KVYO,bearish,KVYO-BATM,2025-03-28,100.0,put,2025-03-22T16:53:29.692310
RSI,bearish,RSI-BATM,2025-03-28,100.0,put,2025-03-22T16:53:29.699224
MRVL,bearish,MRVL-BATM,2025-03-28,100.0,put,2025-03-22T16:53:29.705957
SKYT,bearish,SKYT-BATM,2025-03-28,100.0,put,2025-03-22T16:53:29.712732
HFWA,bearish,HFWA-BATM,2025-03-28,100.0,put,2025-03-22T16:53:29.719362
EPR,bearish,EPR-BATM,2025-03-28,100.0,put,2025-03-22T16:53:29.726252
COLL,bearish,COLL-BATM,2025-03-28,100.0,put,2025-03-22T16:53:29.733209
VRSK,bearish,VRSK-BATM,2025-03-28,100.0,put,2025-03-22T16:53:29.740232
GILD,bearish,GILD-BATM,2025-03-28,100.0,put,2025-03-22T16:53:29.747293
CME,bearish,CME-BATM,2025-03-28,100.0,put,2025-03-22T16:53:29.754341
MOBX,bearish,MOBX-BATM,2025-03-28,100.0,put,2025-03-22T16:53:29.761430
ADPT,bearish,ADPT-BATM,2025-03-28,100.0,put,2025-03-22T16:53:29.768468
PSTL,bearish,PSTL-BATM,2025-03-28,100.0,put,2025-03-22T16:53:29.775542
JNPR,bearish,JNPR-BATM,2025-03-28,100.0,put,2025-03-22T16:53:29.782519
SEAT,bearish,SEAT-BATM,2025-03-28,100.0,put,2025-03-22T16:53:29.789715
COIN,bearish,COIN-BATM,2025-03-28,100.0,put,2025-03-22T16:53:29.799704
ACIC,bearish,ACIC-BATM,2025-03-28,100.0,put,2025-03-22T16:53:29.806613
PNFP,bearish,PNFP-BATM,2025-03-28,100.0,put,2025-03-22T16:53:29.813608
MPA,bearish,MPA-BATM,2025-03-28,100.0,put,2025-03-22T16:53:29.820607
TVGN,bearish,TVGN-BATM,2025-03-28,100.0,put,2025-03-22T16:53:29.827639
WK,bearish,WK-BATM,2025-03-28,100.0,put,2025-03-22T16:53:29.834628
SVCO,bearish,SVCO-BATM,2025-03-28,100.0,put,2025-03-22T16:53:29.841667
MHK,bearish,MHK-BATM,2025-03-28,100.0,put,2025-03-22T16:53:29.848724
CRCT,bearish,CRCT-BATM,2025-03-28,100.0,put,2025-03-22T16:53:29.855689
GRND,bearish,GRND-BATM,2025-03-28,100.0,put,2025-03-22T16:53:29.862713
LMAT,bearish,LMAT-BATM,2025-03-28,100.0,put,2025-03-22T16:53:29.869841
RGTI,bearish,RGTI-BATM,2025-03-28,100.0,put,2025-03-22T16:53:29.876867
JCI,bearish,JCI-BATM,2025-03-28,100.0,put,2025-03-22T16:53:29.883829
EW,bearish,EW-BATM,2025-03-28,100.0,put,2025-03-22T16:53:29.890864
PEGA,bearish,PEGA-BATM,2025-03-28,100.0,put,2025-03-22T16:53:29.897862
CMG,bearish,CMG-BATM,2025-03-28,100.0,put,2025-03-22T16:53:29.904977
VTLE,bearish,VTLE-BATM,2025-03-28,100.0,put,2025-03-22T16:53:29.912093
DYN,bearish,DYN-BATM,2025-03-28,100.0,put,2025-03-22T16:53:29.919277
CHD,bearish,CHD-BATM,2025-03-28,100.0,put,2025-03-22T16:53:29.926685
CSCO,bearish,CSCO-BATM,2025-03-28,100.0,put,2025-03-22T16:53:29.933702
FLEX,bearish,FLEX-BATM,2025-03-28,100.0,put,2025-03-22T16:53:29.940780
PAY,bearish,PAY-BATM,2025-03-28,100.0,put,2025-03-22T16:53:29.948037
BR,bearish,BR-BATM,2025-03-28,100.0,put,2025-03-22T16:53:29.955054
AZEK,bearish,AZEK-BATM,2025-03-28,100.0,put,2025-03-22T16:53:29.962148
AFL,bearish,AFL-BATM,2025-03-28,100.0,put,2025-03-22T16:53:29.969345
INDI,bearish,INDI-BATM,2025-03-28,100.0,put,2025-03-22T16:53:29.976742
ADMA,bearish,ADMA-BATM,2025-03-28,100.0,put,2025-03-22T16:53:29.983975
ONDS,bearish,ONDS-BATM,2025-03-28,100.0,put,2025-03-22T16:53:29.991180
SOFI,bearish,SOFI-BATM,2025-03-28,100.0,put,2025-03-22T16:53:29.998274
APO,bearish,APO-BATM,2025-03-28,100.0,put,2025-03-22T16:53:30.005663
ELVN,bearish,ELVN-BATM,2025-03-28,100.0,put,2025-03-22T16:53:30.013027
K,bearish,K-BATM,2025-03-28,100.0,put,2025-03-22T16:53:30.020224
ESRT,bearish,ESRT-BATM,2025-03-28,100.0,put,2025-03-22T16:53:30.027678
ESI,bearish,ESI-BATM,2025-03-28,100.0,put,2025-03-22T16:53:30.035034
FOA,bearish,FOA-BATM,2025-03-28,100.0,put,2025-03-22T16:53:30.042337
VERX,bearish,VERX-BATM,2025-03-28,100.0,put,2025-03-22T16:53:30.049796
EGHT,bearish,EGHT-BATM,2025-03-28,100.0,put,2025-03-22T16:53:30.056997
RRC,bearish,RRC-BATM,2025-03-28,100.0,put,2025-03-22T16:53:30.064294
TASK,bearish,TASK-BATM,2025-03-28,100.0,put,2025-03-22T16:53:30.071819
V,bearish,V-BATM,2025-03-28,100.0,put,2025-03-22T16:53:30.079110
MRAM,bearish,MRAM-BATM,2025-03-28,100.0,put,2025-03-22T16:53:30.086326
HSIC,bearish,HSIC-BATM,2025-03-28,100.0,put,2025-03-22T16:53:30.093640
OFIX,bearish,OFIX-BATM,2025-03-28,100.0,put,2025-03-22T16:53:30.100921
COST,bearish,COST-BATM,2025-03-28,100.0,put,2025-03-22T16:53:30.108155
COCO,bearish,COCO-BATM,2025-03-28,100.0,put,2025-03-22T16:53:30.115348
CDRE,bearish,CDRE-BATM,2025-03-28,100.0,put,2025-03-22T16:53:30.122801
ANIP,bearish,ANIP-BATM,2025-03-28,100.0,put,2025-03-22T16:53:30.130107
KOP,bearish,KOP-BATM,2025-03-28,100.0,put,2025-03-22T16:53:30.137608
GDYN,bearish,GDYN-BATM,2025-03-28,100.0,put,2025-03-22T16:53:30.145079
PGC,bearish,PGC-BATM,2025-03-28,100.0,put,2025-03-22T16:53:30.152707
WWD,bearish,WWD-BATM,2025-03-28,100.0,put,2025-03-22T16:53:30.160151
CLNN,bearish,CLNN-BATM,2025-03-28,100.0,put,2025-03-22T16:53:30.167625
PRIM,bearish,PRIM-BATM,2025-03-28,100.0,put,2025-03-22T16:53:30.174987
KNTK,bearish,KNTK-BATM,2025-03-28,100.0,put,2025-03-22T16:53:30.182301
AVO,bearish,AVO-BATM,2025-03-28,100.0,put,2025-03-22T16:53:30.189759
EG,bearish,EG-BATM,2025-03-28,100.0,put,2025-03-22T16:53:30.197126
KRP,bearish,KRP-BATM,2025-03-28,100.0,put,2025-03-22T16:53:30.204638
CIEN,bearish,CIEN-BATM,2025-03-28,100.0,put,2025-03-22T16:53:30.212081
OPTN,bearish,OPTN-BATM,2025-03-28,100.0,put,2025-03-22T16:53:30.219433
BDX,bearish,BDX-BATM,2025-03-28,100.0,put,2025-03-22T16:53:30.226975
RBA,bearish,RBA-BATM,2025-03-28,100.0,put,2025-03-22T16:53:30.234360
RYTM,bearish,RYTM-BATM,2025-03-28,100.0,put,2025-03-22T16:53:30.241935
LFST,bearish,LFST-BATM,2025-03-28,100.0,put,2025-03-22T16:53:30.249538
LAUR,bearish,LAUR-BATM,2025-03-28,100.0,put,2025-03-22T16:53:30.257045
SWIM,bearish,SWIM-BATM,2025-03-28,100.0,put,2025-03-22T16:53:30.264590
BCAX,bearish,BCAX-BATM,2025-03-28,100.0,put,2025-03-22T16:53:30.272055
INSW,bearish,INSW-BATM,2025-03-28,100.0,put,2025-03-22T16:53:30.279609
PTON,bearish,PTON-BATM,2025-03-28,100.0,put,2025-03-22T16:53:30.287128
BXMT,bearish,BXMT-BATM,2025-03-28,100.0,put,2025-03-22T16:53:30.294668
OUST,bearish,OUST-BATM,2025-03-28,100.0,put,2025-03-22T16:53:30.302108
BVS,bearish,BVS-BATM,2025-03-28,100.0,put,2025-03-22T16:53:30.309687
ALLO,bearish,ALLO-BATM,2025-03-28,100.0,put,2025-03-22T16:53:30.317134
NTNX,bearish,NTNX-BATM,2025-03-28,100.0,put,2025-03-22T16:53:30.324516
AVDX,bearish,AVDX-BATM,2025-03-28,100.0,put,2025-03-22T16:53:30.332134
MCO,bearish,MCO-BATM,2025-03-28,100.0,put,2025-03-22T16:53:30.339861
AMD,bearish,AMD-BATM,2025-03-28,100.0,put,2025-03-22T16:53:30.347351
CNO,bearish,CNO-BATM,2025-03-28,100.0,put,2025-03-22T16:53:30.354981
DBX,bearish,DBX-BATM,2025-03-28,100.0,put,2025-03-22T16:53:30.362438
NLST,bearish,NLST-BATM,2025-03-28,100.0,put,2025-03-22T16:53:30.370102
U,bearish,U-BATM,2025-03-28,100.0,put,2025-03-22T16:53:30.377796
NZF,bearish,NZF-BATM,2025-03-28,100.0,put,2025-03-22T16:53:30.385345
IPI,bearish,IPI-BATM,2025-03-28,100.0,put,2025-03-22T16:53:30.393005
PGR,bearish,PGR-BATM,2025-03-28,100.0,put,2025-03-22T16:53:30.400622
SLVM,bearish,SLVM-BATM,2025-03-28,100.0,put,2025-03-22T16:53:30.408328
KTOS,bearish,KTOS-BATM,2025-03-28,100.0,put,2025-03-22T16:53:30.416064
CMPO,bearish,CMPO-BATM,2025-03-28,100.0,put,2025-03-22T16:53:30.423804
EXPI,bearish,EXPI-BATM,2025-03-28,100.0,put,2025-03-22T16:53:30.431478
ASAN,bearish,ASAN-BATM,2025-03-28,100.0,put,2025-03-22T16:53:30.439159
GEO,bearish,GEO-BATM,2025-03-28,100.0,put,2025-03-22T16:53:30.446869
RYAN,bearish,RYAN-BATM,2025-03-28,100.0,put,2025-03-22T16:53:30.454478
HBAN,bearish,HBAN-BATM,2025-03-28,100.0,put,2025-03-22T16:53:30.462231
RGLD,bearish,RGLD-BATM,2025-03-28,100.0,put,2025-03-22T16:53:30.470118
BRLT,bearish,BRLT-BATM,2025-03-28,100.0,put,2025-03-22T16:53:30.477909
STEM,bearish,STEM-BATM,2025-03-28,100.0,put,2025-03-22T16:53:30.485797
SAM,bearish,SAM-BATM,2025-03-28,100.0,put,2025-03-22T16:53:30.493499
UUUU,bearish,UUUU-BATM,2025-03-28,100.0,put,2025-03-22T16:53:30.501215
FFIV,bearish,FFIV-BATM,2025-03-28,100.0,put,2025-03-22T16:53:30.509006
MYO,bearish,MYO-BATM,2025-03-28,100.0,put,2025-03-22T16:53:30.516877
LAD,bearish,LAD-BATM,2025-03-28,100.0,put,2025-03-22T16:53:30.524831
HNST,bearish,HNST-BATM,2025-03-28,100.0,put,2025-03-22T16:53:30.532502
RLI,bearish,RLI-BATM,2025-03-28,100.0,put,2025-03-22T16:53:30.540246
BPMC,bearish,BPMC-BATM,2025-03-28,100.0,put,2025-03-22T16:53:30.548083
APEI,bearish,APEI-BATM,2025-03-28,100.0,put,2025-03-22T16:53:30.555862
VCEL,bearish,VCEL-BATM,2025-03-28,100.0,put,2025-03-22T16:53:30.563598
BFAM,bearish,BFAM-BATM,2025-03-28,100.0,put,2025-03-22T16:53:30.571423
FFIC,bearish,FFIC-BATM,2025-03-28,100.0,put,2025-03-22T16:53:30.579224
CDTX,bearish,CDTX-BATM,2025-03-28,100.0,put,2025-03-22T16:53:30.586996
LYV,bearish,LYV-BATM,2025-03-28,100.0,put,2025-03-22T16:53:30.594743
CNM,bearish,CNM-BATM,2025-03-28,100.0,put,2025-03-22T16:53:30.602559
NCSM,bearish,NCSM-BATM,2025-03-28,100.0,put,2025-03-22T16:53:30.610462
CELH,bearish,CELH-BATM,2025-03-28,100.0,put,2025-03-22T16:53:30.618332
KVHI,bearish,KVHI-BATM,2025-03-28,100.0,put,2025-03-22T16:53:30.626203
FIVN,bearish,FIVN-BATM,2025-03-28,100.0,put,2025-03-22T16:53:30.634237
ERII,bearish,ERII-BATM,2025-03-28,100.0,put,2025-03-22T16:53:30.642185
SSTI,bearish,SSTI-BATM,2025-03-28,100.0,put,2025-03-22T16:53:30.650119
ORI,bearish,ORI-BATM,2025-03-28,100.0,put,2025-03-22T16:53:30.658090
AVA,bearish,AVA-BATM,2025-03-28,100.0,put,2025-03-22T16:53:30.665981
CPSS,bearish,CPSS-BATM,2025-03-28,100.0,put,2025-03-22T16:53:30.674101
ALLE,bearish,ALLE-BATM,2025-03-28,100.0,put,2025-03-22T16:53:30.682061
BOX,bearish,BOX-BATM,2025-03-28,100.0,put,2025-03-22T16:53:30.690087
EBS,bearish,EBS-BATM,2025-03-28,100.0,put,2025-03-22T16:53:30.698054
REPX,bearish,REPX-BATM,2025-03-28,100.0,put,2025-03-22T16:53:30.706012
INTT,bearish,INTT-BATM,2025-03-28,100.0,put,2025-03-22T16:53:30.713936
AMCX,bearish,AMCX-BATM,2025-03-28,100.0,put,2025-03-22T16:53:30.722017
SPHR,bearish,SPHR-BATM,2025-03-28,100.0,put,2025-03-22T16:53:30.730063
GVA,bearish,GVA-BATM,2025-03-28,100.0,put,2025-03-22T16:53:30.738025
GWW,bearish,GWW-BATM,2025-03-28,100.0,put,2025-03-22T16:53:30.746060
FRSH,bearish,FRSH-BATM,2025-03-28,100.0,put,2025-03-22T16:53:30.754078
PRMB,bearish,PRMB-BATM,2025-03-28,100.0,put,2025-03-22T16:53:30.762317
ATEC,bearish,ATEC-BATM,2025-03-28,100.0,put,2025-03-22T16:53:30.770513
CHEF,bearish,CHEF-BATM,2025-03-28,100.0,put,2025-03-22T16:53:30.778382
JXN,bearish,JXN-BATM,2025-03-28,100.0,put,2025-03-22T16:53:30.786397
TRVI,bearish,TRVI-BATM,2025-03-28,100.0,put,2025-03-22T16:53:30.794406
AORT,bearish,AORT-BATM,2025-03-28,100.0,put,2025-03-22T16:53:30.802536
JAZZ,bearish,JAZZ-BATM,2025-03-28,100.0,put,2025-03-22T16:53:30.810563
GD,bearish,GD-BATM,2025-03-28,100.0,put,2025-03-22T16:53:30.818551
BWA,bearish,BWA-BATM,2025-03-28,100.0,put,2025-03-22T16:53:30.826586
"WLY, WLYB",bearish,"WLY, WLYB-BATM",2025-03-28,100.0,put,2025-03-22T16:53:30.834615
MLI,bearish,MLI-BATM,2025-03-28,100.0,put,2025-03-22T16:53:30.842683
RMD,bearish,RMD-BATM,2025-03-28,100.0,put,2025-03-22T16:53:30.850662
CRGY,bearish,CRGY-BATM,2025-03-28,100.0,put,2025-03-22T16:53:30.858719
LGIH,bearish,LGIH-BATM,2025-03-28,100.0,put,2025-03-22T16:53:30.866773
HTBK,bearish,HTBK-BATM,2025-03-28,100.0,put,2025-03-22T16:53:30.874851
ARLO,bearish,ARLO-BATM,2025-03-28,100.0,put,2025-03-22T16:53:30.882800
SHLS,bearish,SHLS-BATM,2025-03-28,100.0,put,2025-03-22T16:53:30.890906
OTIS,bearish,OTIS-BATM,2025-03-28,100.0,put,2025-03-22T16:53:30.898933
GLPI,bearish,GLPI-BATM,2025-03-28,100.0,put,2025-03-22T16:53:30.906985
ZTS,bearish,ZTS-BATM,2025-03-28,100.0,put,2025-03-22T16:53:30.914892
GOLF,bearish,GOLF-BATM,2025-03-28,100.0,put,2025-03-22T16:53:30.922913
FLL,bearish,FLL-BATM,2025-03-28,100.0,put,2025-03-22T16:53:30.930906
WVE,bearish,WVE-BATM,2025-03-28,100.0,put,2025-03-22T16:53:30.938900
NVTS,bearish,NVTS-BATM,2025-03-28,100.0,put,2025-03-22T16:53:30.946810
KLXE,bearish,KLXE-BATM,2025-03-28,100.0,put,2025-03-22T16:53:30.954876
AJG,bearish,AJG-BATM,2025-03-28,100.0,put,2025-03-22T16:53:30.962910
SPRY,bearish,SPRY-BATM,2025-03-28,100.0,put,2025-03-22T16:53:30.971041
RDVT,bearish,RDVT-BATM,2025-03-28,100.0,put,2025-03-22T16:53:30.979397
LUNG,bearish,LUNG-BATM,2025-03-28,100.0,put,2025-03-22T16:53:30.987639
KDP,bearish,KDP-BATM,2025-03-28,100.0,put,2025-03-22T16:53:30.995792
CPRT,bearish,CPRT-BATM,2025-03-28,100.0,put,2025-03-22T16:53:31.004154
XERS,bearish,XERS-BATM,2025-03-28,100.0,put,2025-03-22T16:53:31.012423
CCCS,bearish,CCCS-BATM,2025-03-28,100.0,put,2025-03-22T16:53:31.020649
TPG,bearish,TPG-BATM,2025-03-28,100.0,put,2025-03-22T16:53:31.028749
VREX,bearish,VREX-BATM,2025-03-28,100.0,put,2025-03-22T16:53:31.037453
PRDO,bearish,PRDO-BATM,2025-03-28,100.0,put,2025-03-22T16:53:31.045662
CRSR,bearish,CRSR-BATM,2025-03-28,100.0,put,2025-03-22T16:53:31.053885
HTCR,bearish,HTCR-BATM,2025-03-28,100.0,put,2025-03-22T16:53:31.062286
ORA,bearish,ORA-BATM,2025-03-28,100.0,put,2025-03-22T16:53:31.070579
BMRN,bearish,BMRN-BATM,2025-03-28,100.0,put,2025-03-22T16:53:31.078859
WSC,bearish,WSC-BATM,2025-03-28,100.0,put,2025-03-22T16:53:31.087268
DVAX,bearish,DVAX-BATM,2025-03-28,100.0,put,2025-03-22T16:53:31.095600
CLYM,bearish,CLYM-BATM,2025-03-28,100.0,put,2025-03-22T16:53:31.103853
EWBC,bearish,EWBC-BATM,2025-03-28,100.0,put,2025-03-22T16:53:31.112245
DXPE,bearish,DXPE-BATM,2025-03-28,100.0,put,2025-03-22T16:53:31.120647
REAL,bearish,REAL-BATM,2025-03-28,100.0,put,2025-03-22T16:53:31.128910
OGS,bearish,OGS-BATM,2025-03-28,100.0,put,2025-03-22T16:53:31.137413
HROW,bearish,HROW-BATM,2025-03-28,100.0,put,2025-03-22T16:53:31.145857
VWFB,bearish,VWFB-BATM,2025-03-28,100.0,put,2025-03-22T16:53:31.154169
APT,bearish,APT-BATM,2025-03-28,100.0,put,2025-03-22T16:53:31.162618
TNL,bearish,TNL-BATM,2025-03-28,100.0,put,2025-03-22T16:53:31.170991
IDT,bearish,IDT-BATM,2025-03-28,100.0,put,2025-03-22T16:53:31.179444
KAI,bearish,KAI-BATM,2025-03-28,100.0,put,2025-03-22T16:53:31.187839
TMCI,bearish,TMCI-BATM,2025-03-28,100.0,put,2025-03-22T16:53:31.196338
DGX,bearish,DGX-BATM,2025-03-28,100.0,put,2025-03-22T16:53:31.204747
SYM,bearish,SYM-BATM,2025-03-28,100.0,put,2025-03-22T16:53:31.213283
DIBS,bearish,DIBS-BATM,2025-03-28,100.0,put,2025-03-22T16:53:31.221772
SNX,bearish,SNX-BATM,2025-03-28,100.0,put,2025-03-22T16:53:31.230408
LNTH,bearish,LNTH-BATM,2025-03-28,100.0,put,2025-03-22T16:53:31.238811
CDNS,bearish,CDNS-BATM,2025-03-28,100.0,put,2025-03-22T16:53:31.247079
SANM,bearish,SANM-BATM,2025-03-28,100.0,put,2025-03-22T16:53:31.255538
NAMS,bearish,NAMS-BATM,2025-03-28,100.0,put,2025-03-22T16:53:31.263936
AXGN,bearish,AXGN-BATM,2025-03-28,100.0,put,2025-03-22T16:53:31.272694
PHR,bearish,PHR-BATM,2025-03-28,100.0,put,2025-03-22T16:53:31.281265
PRCH,bearish,PRCH-BATM,2025-03-28,100.0,put,2025-03-22T16:53:31.289720
MMS,bearish,MMS-BATM,2025-03-28,100.0,put,2025-03-22T16:53:31.298456
ROST,bearish,ROST-BATM,2025-03-28,100.0,put,2025-03-22T16:53:31.306881
ARI,bearish,ARI-BATM,2025-03-28,100.0,put,2025-03-22T16:53:31.315206
SPIR,bearish,SPIR-BATM,2025-03-28,100.0,put,2025-03-22T16:53:31.323821
ZLAB,bearish,ZLAB-BATM,2025-03-28,100.0,put,2025-03-22T16:53:31.332454
HUBS,bearish,HUBS-BATM,2025-03-28,100.0,put,2025-03-22T16:53:31.341040
MSS,bearish,MSS-BATM,2025-03-28,100.0,put,2025-03-22T16:53:31.349652
TRDA,bearish,TRDA-BATM,2025-03-28,100.0,put,2025-03-22T16:53:31.358139
ISPR,bearish,ISPR-BATM,2025-03-28,100.0,put,2025-03-22T16:53:31.366747
FARO,bearish,FARO-BATM,2025-03-28,100.0,put,2025-03-22T16:53:31.375224
AMT,bearish,AMT-BATM,2025-03-28,100.0,put,2025-03-22T16:53:31.383764
NXST,bearish,NXST-BATM,2025-03-28,100.0,put,2025-03-22T16:53:31.392501
LQDT,bearish,LQDT-BATM,2025-03-28,100.0,put,2025-03-22T16:53:31.401243
DOCN,bearish,DOCN-BATM,2025-03-28,100.0,put,2025-03-22T16:53:31.409903
XMTR,bearish,XMTR-BATM,2025-03-28,100.0,put,2025-03-22T16:53:31.418772
NDAQ,bearish,NDAQ-BATM,2025-03-28,100.0,put,2025-03-22T16:53:31.427341
CART,bearish,CART-BATM,2025-03-28,100.0,put,2025-03-22T16:53:31.435996
AAOI,bearish,AAOI-BATM,2025-03-28,100.0,put,2025-03-22T16:53:31.444662
FFBC,bearish,FFBC-BATM,2025-03-28,100.0,put,2025-03-22T16:53:31.453600
BKE,bearish,BKE-BATM,2025-03-28,100.0,put,2025-03-22T16:53:31.462282
NIKA,bearish,NIKA-BATM,2025-03-28,100.0,put,2025-03-22T16:53:31.470977
N/A,bearish,N/A-BATM,2025-03-28,100.0,put,2025-03-22T16:53:31.479735
LWAY,bearish,LWAY-BATM,2025-03-28,100.0,put,2025-03-22T16:53:31.488532
BDC,bearish,BDC-BATM,2025-03-28,100.0,put,2025-03-22T16:53:31.497096
BBY,bearish,BBY-BATM,2025-03-28,100.0,put,2025-03-22T16:53:31.505864
AGYS,bearish,AGYS-BATM,2025-03-28,100.0,put,2025-03-22T16:53:31.514689
PTC,bearish,PTC-BATM,2025-03-28,100.0,put,2025-03-22T16:53:31.523214
ARVN,bearish,ARVN-BATM,2025-03-28,100.0,put,2025-03-22T16:53:31.532026
AXON,bearish,AXON-BATM,2025-03-28,100.0,put,2025-03-22T16:53:31.540818
KBR,bearish,KBR-BATM,2025-03-28,100.0,put,2025-03-22T16:53:31.549827
BE,bearish,BE-BATM,2025-03-28,100.0,put,2025-03-22T16:53:31.558694
GDDY,bearish,GDDY-BATM,2025-03-28,100.0,put,2025-03-22T16:53:31.567420
ACLX,bearish,ACLX-BATM,2025-03-28,100.0,put,2025-03-22T16:53:31.576485
VRCA,bearish,VRCA-BATM,2025-03-28,100.0,put,2025-03-22T16:53:31.585343
SRE,bearish,SRE-BATM,2025-03-28,100.0,put,2025-03-22T16:53:31.594176
CENX,bearish,CENX-BATM,2025-03-28,100.0,put,2025-03-22T16:53:31.602891
CXM,bearish,CXM-BATM,2025-03-28,100.0,put,2025-03-22T16:53:31.611758
CRM,bearish,CRM-BATM,2025-03-28,100.0,put,2025-03-22T16:53:31.620712
GH,bearish,GH-BATM,2025-03-28,100.0,put,2025-03-22T16:53:31.629618
UWMC,bearish,UWMC-BATM,2025-03-28,100.0,put,2025-03-22T16:53:31.638336
CLW,bearish,CLW-BATM,2025-03-28,100.0,put,2025-03-22T16:53:31.647212
RCMT,bearish,RCMT-BATM,2025-03-28,100.0,put,2025-03-22T16:53:31.656113
BLKB,bearish,BLKB-BATM,2025-03-28,100.0,put,2025-03-22T16:53:31.664986
MU,bearish,MU-BATM,2025-03-28,100.0,put,2025-03-22T16:53:31.673968
GREE,bearish,GREE-BATM,2025-03-28,100.0,put,2025-03-22T16:53:31.682904
ABBV,bearish,ABBV-BATM,2025-03-28,100.0,put,2025-03-22T16:53:31.691844
LDI,bearish,LDI-BATM,2025-03-28,100.0,put,2025-03-22T16:53:31.700858
FUN,bearish,FUN-BATM,2025-03-28,100.0,put,2025-03-22T16:53:31.709915
SKWD,bearish,SKWD-BATM,2025-03-28,100.0,put,2025-03-22T16:53:31.718779
CBZ,bearish,CBZ-BATM,2025-03-28,100.0,put,2025-03-22T16:53:31.727797
XOM,bearish,XOM-BATM,2025-03-28,100.0,put,2025-03-22T16:53:31.736770
BIO BIO.B,bearish,BIO BIO.B-BATM,2025-03-28,100.0,put,2025-03-22T16:53:31.745789
RIOT,bearish,RIOT-BATM,2025-03-28,100.0,put,2025-03-22T16:53:31.754780
CGON,bearish,CGON-BATM,2025-03-28,100.0,put,2025-03-22T16:53:31.763516
NECB,bearish,NECB-BATM,2025-03-28,100.0,put,2025-03-22T16:53:31.772409
NNN,bearish,NNN-BATM,2025-03-28,100.0,put,2025-03-22T16:53:31.781311
CTSH,bearish,CTSH-BATM,2025-03-28,100.0,put,2025-03-22T16:53:31.790246
YOU,bearish,YOU-BATM,2025-03-28,100.0,put,2025-03-22T16:53:31.799260
DAY,bearish,DAY-BATM,2025-03-28,100.0,put,2025-03-22T16:53:31.808214
CNA,bearish,CNA-BATM,2025-03-28,100.0,put,2025-03-22T16:53:31.817232
ACNT,bearish,ACNT-BATM,2025-03-28,100.0,put,2025-03-22T16:53:31.826247
A,bearish,A-BATM,2025-03-28,100.0,put,2025-03-22T16:53:31.835297
DCI,bearish,DCI-BATM,2025-03-28,100.0,put,2025-03-22T16:53:31.844620
APLS,bearish,APLS-BATM,2025-03-28,100.0,put,2025-03-22T16:53:31.853752
YUM,bearish,YUM-BATM,2025-03-28,100.0,put,2025-03-22T16:53:31.863206
CEVA,bearish,CEVA-BATM,2025-03-28,100.0,put,2025-03-22T16:53:31.872137
LKFN,bearish,LKFN-BATM,2025-03-28,100.0,put,2025-03-22T16:53:31.881161
ARLP,bearish,ARLP-BATM,2025-03-28,100.0,put,2025-03-22T16:53:31.890241
UDMY,bearish,UDMY-BATM,2025-03-28,100.0,put,2025-03-22T16:53:31.899224
CRWD,bearish,CRWD-BATM,2025-03-28,100.0,put,2025-03-22T16:53:31.908382
IVFH,bearish,IVFH-BATM,2025-03-28,100.0,put,2025-03-22T16:53:31.917652
RR,bearish,RR-BATM,2025-03-28,100.0,put,2025-03-22T16:53:31.927088
TBRG,bearish,TBRG-BATM,2025-03-28,100.0,put,2025-03-22T16:53:31.936143
LFMD,bearish,LFMD-BATM,2025-03-28,100.0,put,2025-03-22T16:53:31.945200
ACEL,bearish,ACEL-BATM,2025-03-28,100.0,put,2025-03-22T16:53:31.954290
PRM,bearish,PRM-BATM,2025-03-28,100.0,put,2025-03-22T16:53:31.963416
ARWR,bearish,ARWR-BATM,2025-03-28,100.0,put,2025-03-22T16:53:31.972569
UPLD,bearish,UPLD-BATM,2025-03-28,100.0,put,2025-03-22T16:53:31.981661
NGNE,bearish,NGNE-BATM,2025-03-28,100.0,put,2025-03-22T16:53:31.990835
CI,bearish,CI-BATM,2025-03-28,100.0,put,2025-03-22T16:53:32.000049
RAPP,bearish,RAPP-BATM,2025-03-28,100.0,put,2025-03-22T16:53:32.009542
SMBC,bearish,SMBC-BATM,2025-03-28,100.0,put,2025-03-22T16:53:32.018894
AMRX,bearish,AMRX-BATM,2025-03-28,100.0,put,2025-03-22T16:53:32.027844
MATX,bearish,MATX-BATM,2025-03-28,100.0,put,2025-03-22T16:53:32.037137
INOD,bearish,INOD-BATM,2025-03-28,100.0,put,2025-03-22T16:53:32.046311
SMSI,bearish,SMSI-BATM,2025-03-28,100.0,put,2025-03-22T16:53:32.055475
WTRG,bearish,WTRG-BATM,2025-03-28,100.0,put,2025-03-22T16:53:32.064584
LPLA,bearish,LPLA-BATM,2025-03-28,100.0,put,2025-03-22T16:53:32.073662
YELP,bearish,YELP-BATM,2025-03-28,100.0,put,2025-03-22T16:53:32.082812
ROOT,bearish,ROOT-BATM,2025-03-28,100.0,put,2025-03-22T16:53:32.092126
SITM,bearish,SITM-BATM,2025-03-28,100.0,put,2025-03-22T16:53:32.101363
EEFT,bearish,EEFT-BATM,2025-03-28,100.0,put,2025-03-22T16:53:32.110632
BWFG,bearish,BWFG-BATM,2025-03-28,100.0,put,2025-03-22T16:53:32.119700
NTGR,bearish,NTGR-BATM,2025-03-28,100.0,put,2025-03-22T16:53:32.128806
PNC,bearish,PNC-BATM,2025-03-28,100.0,put,2025-03-22T16:53:32.138202
BSRR,bearish,BSRR-BATM,2025-03-28,100.0,put,2025-03-22T16:53:32.147439
HAL,bearish,HAL-BATM,2025-03-28,100.0,put,2025-03-22T16:53:32.156696
GNT,bearish,GNT-BATM,2025-03-28,100.0,put,2025-03-22T16:53:32.166080
QCRH,bearish,QCRH-BATM,2025-03-28,100.0,put,2025-03-22T16:53:32.175416
GDEN,bearish,GDEN-BATM,2025-03-28,100.0,put,2025-03-22T16:53:32.184487
UP,bearish,UP-BATM,2025-03-28,100.0,put,2025-03-22T16:53:32.193666
BYND,bearish,BYND-BATM,2025-03-28,100.0,put,2025-03-22T16:53:32.202822
SCCO,bearish,SCCO-BATM,2025-03-28,100.0,put,2025-03-22T16:53:32.212174
EXR,bearish,EXR-BATM,2025-03-28,100.0,put,2025-03-22T16:53:32.221503
KW,bearish,KW-BATM,2025-03-28,100.0,put,2025-03-22T16:53:32.230746
GSHD,bearish,GSHD-BATM,2025-03-28,100.0,put,2025-03-22T16:53:32.240167
MTB,bearish,MTB-BATM,2025-03-28,100.0,put,2025-03-22T16:53:32.249448
SJM,bearish,SJM-BATM,2025-03-28,100.0,put,2025-03-22T16:53:32.258805
TGI,bearish,TGI-BATM,2025-03-28,100.0,put,2025-03-22T16:53:32.268273
DOMO,bearish,DOMO-BATM,2025-03-28,100.0,put,2025-03-22T16:53:32.277597
LMB,bearish,LMB-BATM,2025-03-28,100.0,put,2025-03-22T16:53:32.286938
ALRM,bearish,ALRM-BATM,2025-03-28,100.0,put,2025-03-22T16:53:32.296303
AWR,bearish,AWR-BATM,2025-03-28,100.0,put,2025-03-22T16:53:32.305643
CSGP,bearish,CSGP-BATM,2025-03-28,100.0,put,2025-03-22T16:53:32.314903
KVUE,bearish,KVUE-BATM,2025-03-28,100.0,put,2025-03-22T16:53:32.324363
BSY,bearish,BSY-BATM,2025-03-28,100.0,put,2025-03-22T16:53:32.333732
EME,bearish,EME-BATM,2025-03-28,100.0,put,2025-03-22T16:53:32.343234
G,bearish,G-BATM,2025-03-28,100.0,put,2025-03-22T16:53:32.352518
LAND,bearish,LAND-BATM,2025-03-28,100.0,put,2025-03-22T16:53:32.361911
PRU,bearish,PRU-BATM,2025-03-28,100.0,put,2025-03-22T16:53:32.371364
CACI,bearish,CACI-BATM,2025-03-28,100.0,put,2025-03-22T16:53:32.380804
RVSB,bearish,RVSB-BATM,2025-03-28,100.0,put,2025-03-22T16:53:32.390249
SASR,bearish,SASR-BATM,2025-03-28,100.0,put,2025-03-22T16:53:32.399788
PAG,bearish,PAG-BATM,2025-03-28,100.0,put,2025-03-22T16:53:32.409512
YUMC,bearish,YUMC-BATM,2025-03-28,100.0,put,2025-03-22T16:53:32.418883
PATK,bearish,PATK-BATM,2025-03-28,100.0,put,2025-03-22T16:53:32.428532
SPH,bearish,SPH-BATM,2025-03-28,100.0,put,2025-03-22T16:53:32.438032
STKL,bearish,STKL-BATM,2025-03-28,100.0,put,2025-03-22T16:53:32.447464
VRNA,bearish,VRNA-BATM,2025-03-28,100.0,put,2025-03-22T16:53:32.456936
SRPT,bearish,SRPT-BATM,2025-03-28,100.0,put,2025-03-22T16:53:32.466431
FNA,bearish,FNA-BATM,2025-03-28,100.0,put,2025-03-22T16:53:32.475893
AR,bearish,AR-BATM,2025-03-28,100.0,put,2025-03-22T16:53:32.485501
CCOI,bearish,CCOI-BATM,2025-03-28,100.0,put,2025-03-22T16:53:32.494929
WLDN,bearish,WLDN-BATM,2025-03-28,100.0,put,2025-03-22T16:53:32.504526
TENB,bearish,TENB-BATM,2025-03-28,100.0,put,2025-03-22T16:53:32.513993
EXLS,bearish,EXLS-BATM,2025-03-28,100.0,put,2025-03-22T16:53:32.523580
HLI,bearish,HLI-BATM,2025-03-28,100.0,put,2025-03-22T16:53:32.533064
RXST,bearish,RXST-BATM,2025-03-28,100.0,put,2025-03-22T16:53:32.542704
IONS,bearish,IONS-BATM,2025-03-28,100.0,put,2025-03-22T16:53:32.552364
MAS,bearish,MAS-BATM,2025-03-28,100.0,put,2025-03-22T16:53:32.561955
ESS,bearish,ESS-BATM,2025-03-28,100.0,put,2025-03-22T16:53:32.571606
LLY,bearish,LLY-BATM,2025-03-28,100.0,put,2025-03-22T16:53:32.581359
BHE,bearish,BHE-BATM,2025-03-28,100.0,put,2025-03-22T16:53:32.591190
WMB,bearish,WMB-BATM,2025-03-28,100.0,put,2025-03-22T16:53:32.600927
EVBN,bearish,EVBN-BATM,2025-03-28,100.0,put,2025-03-22T16:53:32.610514
KO,bearish,KO-BATM,2025-03-28,100.0,put,2025-03-22T16:53:32.620208
FSUN,bearish,FSUN-BATM,2025-03-28,100.0,put,2025-03-22T16:53:32.629843
REG,bearish,REG-BATM,2025-03-28,100.0,put,2025-03-22T16:53:32.639603
ODYS,bearish,ODYS-BATM,2025-03-28,100.0,put,2025-03-22T16:53:32.649213
WDC,bearish,WDC-BATM,2025-03-28,100.0,put,2025-03-22T16:53:32.658990
MMI,bearish,MMI-BATM,2025-03-28,100.0,put,2025-03-22T16:53:32.668696
TMHC,bearish,TMHC-BATM,2025-03-28,100.0,put,2025-03-22T16:53:32.678543
SPFI,bearish,SPFI-BATM,2025-03-28,100.0,put,2025-03-22T16:53:32.688654
QCOM,bearish,QCOM-BATM,2025-03-28,100.0,put,2025-03-22T16:53:32.698626
TSLA,bearish,TSLA-BATM,2025-03-28,100.0,put,2025-03-22T16:53:32.708590
EVRI,bearish,EVRI-BATM,2025-03-28,100.0,put,2025-03-22T16:53:32.718354
MARA,bearish,MARA-BATM,2025-03-28,100.0,put,2025-03-22T16:53:32.728065
FIGS,bearish,FIGS-BATM,2025-03-28,100.0,put,2025-03-22T16:53:32.737799
INFA,bearish,INFA-BATM,2025-03-28,100.0,put,2025-03-22T16:53:32.747683
LIN,bearish,LIN-BATM,2025-03-28,100.0,put,2025-03-22T16:53:32.757548
TGT,bearish,TGT-BATM,2025-03-28,100.0,put,2025-03-22T16:53:32.767268
CORT,bearish,CORT-BATM,2025-03-28,100.0,put,2025-03-22T16:53:32.777137
PLNT,bearish,PLNT-BATM,2025-03-28,100.0,put,2025-03-22T16:53:32.788534
ON,bearish,ON-BATM,2025-03-28,100.0,put,2025-03-22T16:53:32.798478
TGNA,bearish,TGNA-BATM,2025-03-28,100.0,put,2025-03-22T16:53:32.808219
AMPL,bearish,AMPL-BATM,2025-03-28,100.0,put,2025-03-22T16:53:32.818082
CDNA,bearish,CDNA-BATM,2025-03-28,100.0,put,2025-03-22T16:53:32.827831
NSP,bearish,NSP-BATM,2025-03-28,100.0,put,2025-03-22T16:53:32.837652
TOL,bearish,TOL-BATM,2025-03-28,100.0,put,2025-03-22T16:53:32.847682
RIG,bearish,RIG-BATM,2025-03-28,100.0,put,2025-03-22T16:53:32.857587
ESAB,bearish,ESAB-BATM,2025-03-28,100.0,put,2025-03-22T16:53:32.867601
EQT,bearish,EQT-BATM,2025-03-28,100.0,put,2025-03-22T16:53:32.877532
WCN,bearish,WCN-BATM,2025-03-28,100.0,put,2025-03-22T16:53:32.887430
KNSL,bearish,KNSL-BATM,2025-03-28,100.0,put,2025-03-22T16:53:32.898213
CGNX,bearish,CGNX-BATM,2025-03-28,100.0,put,2025-03-22T16:53:32.908885
RDFN,bearish,RDFN-BATM,2025-03-28,100.0,put,2025-03-22T16:53:32.919309
FLYW,bearish,FLYW-BATM,2025-03-28,100.0,put,2025-03-22T16:53:32.929990
APTV,bearish,APTV-BATM,2025-03-28,100.0,put,2025-03-22T16:53:32.940507
SKT,bearish,SKT-BATM,2025-03-28,100.0,put,2025-03-22T16:53:32.951179
ADP,bearish,ADP-BATM,2025-03-28,100.0,put,2025-03-22T16:53:32.961830
PBH,bearish,PBH-BATM,2025-03-28,100.0,put,2025-03-22T16:53:32.972276
HGBL,bearish,HGBL-BATM,2025-03-28,100.0,put,2025-03-22T16:53:32.982861
COHU,bearish,COHU-BATM,2025-03-28,100.0,put,2025-03-22T16:53:32.993305
SCI,bearish,SCI-BATM,2025-03-28,100.0,put,2025-03-22T16:53:33.003728
INN,bearish,INN-BATM,2025-03-28,100.0,put,2025-03-22T16:53:33.014135
SMP,bearish,SMP-BATM,2025-03-28,100.0,put,2025-03-22T16:53:33.024664
WTS,bearish,WTS-BATM,2025-03-28,100.0,put,2025-03-22T16:53:33.035075
TFSL,bearish,TFSL-BATM,2025-03-28,100.0,put,2025-03-22T16:53:33.047012
ALKT,bearish,ALKT-BATM,2025-03-28,100.0,put,2025-03-22T16:53:33.057384
TALK,bearish,TALK-BATM,2025-03-28,100.0,put,2025-03-22T16:53:33.067811
DERM,bearish,DERM-BATM,2025-03-28,100.0,put,2025-03-22T16:53:33.078203
ENPH,bearish,ENPH-BATM,2025-03-28,100.0,put,2025-03-22T16:53:33.088691
GRMN,bearish,GRMN-BATM,2025-03-28,100.0,put,2025-03-22T16:53:33.098967
MWA,bearish,MWA-BATM,2025-03-28,100.0,put,2025-03-22T16:53:33.109314
NXGL,bearish,NXGL-BATM,2025-03-28,100.0,put,2025-03-22T16:53:33.119806
PLOW,bearish,PLOW-BATM,2025-03-28,100.0,put,2025-03-22T16:53:33.130203
HESM,bearish,HESM-BATM,2025-03-28,100.0,put,2025-03-22T16:53:33.140643
PCG,bearish,PCG-BATM,2025-03-28,100.0,put,2025-03-22T16:53:33.151116
AKR,bearish,AKR-BATM,2025-03-28,100.0,put,2025-03-22T16:53:33.161487
HVT,bearish,HVT-BATM,2025-03-28,100.0,put,2025-03-22T16:53:33.172034
ELV,bearish,ELV-BATM,2025-03-28,100.0,put,2025-03-22T16:53:33.182427
SHOO,bearish,SHOO-BATM,2025-03-28,100.0,put,2025-03-22T16:53:33.193097
TMO,bearish,TMO-BATM,2025-03-28,100.0,put,2025-03-22T16:53:33.203551
CSTL,bearish,CSTL-BATM,2025-03-28,100.0,put,2025-03-22T16:53:33.214105
UHS,bearish,UHS-BATM,2025-03-28,100.0,put,2025-03-22T16:53:33.224720
PRKS,bearish,PRKS-BATM,2025-03-28,100.0,put,2025-03-22T16:53:33.235257
CPT,bearish,CPT-BATM,2025-03-28,100.0,put,2025-03-22T16:53:33.245883
CLH,bearish,CLH-BATM,2025-03-28,100.0,put,2025-03-22T16:53:33.256419
ROL,bearish,ROL-BATM,2025-03-28,100.0,put,2025-03-22T16:53:33.267128
ALEX,bearish,ALEX-BATM,2025-03-28,100.0,put,2025-03-22T16:53:33.277870
MSEX,bearish,MSEX-BATM,2025-03-28,100.0,put,2025-03-22T16:53:33.288263
PEBO,bearish,PEBO-BATM,2025-03-28,100.0,put,2025-03-22T16:53:33.298866
SO,bearish,SO-BATM,2025-03-28,100.0,put,2025-03-22T16:53:33.309382
AEVA,bearish,AEVA-BATM,2025-03-28,100.0,put,2025-03-22T16:53:33.319863
EHAB,bearish,EHAB-BATM,2025-03-28,100.0,put,2025-03-22T16:53:33.330297
PINS,bearish,PINS-BATM,2025-03-28,100.0,put,2025-03-22T16:53:33.340833
PRGO,bearish,PRGO-BATM,2025-03-28,100.0,put,2025-03-22T16:53:33.351386
LHX,bearish,LHX-BATM,2025-03-28,100.0,put,2025-03-22T16:53:33.361887
VECO,bearish,VECO-BATM,2025-03-28,100.0,put,2025-03-22T16:53:33.372276
STRA,bearish,STRA-BATM,2025-03-28,100.0,put,2025-03-22T16:53:33.382864
2025-03-23T17:40:03.907306,SHORT,TEAM,12,227.34,Short Signal
2025-03-23T17:40:04.466309,SHORT,APP,9,314.03,Short Signal
2025-03-23T17:40:05.040773,SHORT,EQIX,3,834.59,Short Signal
2025-03-23T17:40:05.615532,SHORT,TDG,2,1346.12,Short Signal
2025-03-23T17:40:06.208701,SHORT,FICO,1,1853.29,Short Signal
2025-03-23T17:40:06.805901,SHORT,IRON,55,52.24,Short Signal
2025-03-23T17:40:07.368619,SHORT,ALHC,163,17.61,Short Signal
2025-03-23T17:40:07.586106,SELL,CRWD,4.7257,362.24,Stop-loss triggered
2025-03-23T17:40:07.949138,SHORT,INTU,4,604.04,Short Signal
2025-03-23T17:40:08.509844,SHORT,IOT,71,40.16,Short Signal
2025-03-23T17:40:08.655257,SELL,DAY,26.8034,58.5,Target hit
2025-03-23T17:40:09.075117,SHORT,RDDT,24,115.7,Short Signal
2025-03-23T17:40:09.641687,SHORT,SFM,20,142.39,Short Signal
2025-03-23T17:40:10.204899,SHORT,DUOL,9,309.3,Short Signal
2025-03-23T17:40:11.325393,SHORT,AVAH,543,5.29,Short Signal
2025-03-23T17:40:11.940847,SHORT,MGPI,97,29.55,Short Signal
2025-03-23T17:40:16.208633,SELL,IONQ,10.0,22.26,Target hit
2025-03-23T17:40:24.641413,SELL,WANT,189.2623,35.0,Target hit
2025-03-23T18:47:21.010184,SHORT,TEAM,2,227.34,Short Signal
2025-03-23T18:47:21.556554,BUY,SRBK,80.7248,11.79,New Signal
2025-03-23T18:47:21.572999,SHORT,APP,2,314.03,Short Signal
2025-03-23T18:47:23.689372,BUY,TREE,18.4161,51.68,New Signal
2025-03-23T18:47:23.821271,SHORT,IRON,12,52.24,Short Signal
2025-03-23T18:47:24.377936,SHORT,ALHC,36,17.61,Short Signal
2025-03-23T18:47:24.784014,BUY,EONR,1545.0409,0.616,New Signal
2025-03-23T18:47:24.965452,SHORT,INTU,1,604.04,Short Signal
2025-03-23T18:47:25.531436,SHORT,IOT,15,40.16,Short Signal
2025-03-23T18:47:25.893231,BUY,CULP,177.2337,5.37,New Signal
2025-03-23T18:47:26.094376,SHORT,RDDT,5,115.7,Short Signal
2025-03-23T18:47:26.659009,SHORT,SFM,4,142.39,Short Signal
2025-03-23T18:47:26.991553,BUY,CUBA,353.8086,2.69,New Signal
2025-03-23T18:47:27.218377,SHORT,DUOL,2,309.3,Short Signal
2025-03-23T18:47:28.925891,SHORT,MGPI,21,29.55,Short Signal
2025-03-23T19:29:23.683477,BUY,SRBK,3.0039,11.79,New Signal
2025-03-23T19:29:25.813067,BUY,TREE,0.6853,51.68,New Signal
2025-03-23T19:29:26.524935,SHORT,ALHC,1,17.61,Short Signal
2025-03-23T19:29:26.882110,BUY,EONR,57.4938,0.616,New Signal
2025-03-23T19:29:27.978379,BUY,CULP,6.5952,5.37,New Signal
2025-03-23T19:29:29.080281,BUY,CUBA,13.1659,2.69,New Signal
2025-03-23T19:29:30.357108,SHORT,AVAH,4,5.29,Short Signal
2025-03-23T19:29:31.254863,BUY,FCNCA,0.0191,1851.2,New Signal
2025-03-23T19:29:32.348521,BUY,WEST,5.1402,6.89,New Signal
2025-03-23T19:29:34.485417,BUY,ECAT,2.1821,16.23,New Signal
2025-03-23T19:29:35.623043,BUY,NL,4.6296,7.65,New Signal
2025-03-23T19:29:36.722294,BUY,KRO,4.5935,7.71,New Signal
2025-03-23T21:13:23.799908,SHORT,TEAM,8,227.34,Short Signal
2025-03-23T21:13:24.372015,SHORT,APP,6,314.03,Short Signal
2025-03-23T21:13:24.988591,SHORT,EQIX,2,834.59,Short Signal
2025-03-23T21:13:25.484390,BUY,VG,258.3979,11.61,New Signal
2025-03-23T21:13:25.572695,SHORT,TDG,1,1346.12,Short Signal
2025-03-23T21:13:26.164070,SHORT,FICO,1,1853.29,Short Signal
2025-03-23T21:13:26.615084,BUY,NL,392.1569,7.65,New Signal
2025-03-23T21:13:26.723996,SHORT,IRON,38,52.24,Short Signal
2025-03-23T21:13:27.282356,SHORT,ALHC,113,17.61,Short Signal
2025-03-23T21:13:27.683025,BUY,WEST,435.4137,6.89,New Signal
2025-03-23T21:13:27.857139,SHORT,INTU,3,604.04,Short Signal
2025-03-23T21:13:28.425098,SHORT,IOT,49,40.16,Short Signal
2025-03-23T21:13:28.837091,BUY,PSEC,710.9005,4.22,New Signal
2025-03-23T21:13:28.983701,SHORT,RDDT,17,115.7,Short Signal
2025-03-23T21:13:29.544233,SHORT,SFM,14,142.39,Short Signal
2025-03-23T21:13:29.949236,BUY,CULP,558.6592,5.37,New Signal
2025-03-23T21:13:30.104267,SHORT,DUOL,6,309.3,Short Signal
2025-03-23T21:13:31.221587,SHORT,AVAH,378,5.29,Short Signal
2025-03-23T21:31:10.434119,BUY,RCG,543.4783,2.3,New Signal
2025-03-23T21:31:11.509271,BUY,VG,107.6658,11.61,New Signal
2025-03-23T21:31:12.653069,BUY,NL,163.3987,7.65,New Signal
2025-03-23T21:31:13.718583,BUY,WEST,181.4224,6.89,New Signal
2025-03-23T21:31:14.811881,BUY,PSEC,296.2085,4.22,New Signal
2025-03-23T21:31:15.931068,BUY,CULP,232.7747,5.37,New Signal
2025-03-23T21:31:16.998299,BUY,EONR,2029.2208,0.616,New Signal
2025-03-23T21:31:19.130093,BUY,TTSH,192.0123,6.51,New Signal
2025-03-23T21:31:20.205448,BUY,ECAT,77.0179,16.23,New Signal
2025-03-23T21:31:22.363100,BUY,KRO,162.1271,7.71,New Signal
2025-03-23T21:31:23.431520,BUY,TREE,24.1873,51.68,New Signal
2025-03-23T21:31:24.503846,BUY,MCVT,694.4445,1.8,New Signal
2025-03-23T21:31:25.632185,BUY,FCNCA,0.6752,1851.2,New Signal
2025-03-24T00:47:07.434001,BUY,TREE,24.1873,51.68,New Signal
2025-03-24T00:47:08.567977,BUY,CUBA,464.684,2.69,New Signal
2025-03-24T00:47:10.734280,BUY,PSEC,296.2085,4.22,New Signal
2025-03-24T00:47:11.799794,BUY,EONR,2029.2208,0.616,New Signal
2025-03-24T00:47:12.867747,BUY,VG,107.6658,11.61,New Signal
2025-03-24T00:47:13.954741,BUY,KRO,162.1271,7.71,New Signal
2025-03-24T00:47:15.057621,BUY,RCG,543.4783,2.3,New Signal
2025-03-24T00:47:16.162541,BUY,CULP,232.7747,5.37,New Signal
2025-03-24T00:47:17.296934,BUY,FCNCA,0.6752,1851.2,New Signal
2025-03-24T00:47:19.428199,BUY,MCVT,694.4445,1.8,New Signal
2025-03-24T00:47:20.512691,BUY,ECAT,77.0179,16.23,New Signal
2025-03-24T00:47:21.576217,BUY,SRBK,106.0221,11.79,New Signal
2025-03-24T00:47:22.643097,BUY,WEST,181.4224,6.89,New Signal
2025-03-24T01:22:30.306834,SHORT,TEAM,8,227.34,Short Signal
2025-03-24T01:22:30.742385,BUY,TREE,24.1873,51.68,New Signal
2025-03-24T01:22:30.867181,SHORT,APP,6,314.03,Short Signal
2025-03-24T01:22:31.434382,SHORT,EQIX,2,834.59,Short Signal
2025-03-24T01:22:31.831536,BUY,CUBA,464.684,2.69,New Signal
2025-03-24T01:22:32.018695,SHORT,TDG,1,1346.12,Short Signal
2025-03-24T01:22:32.616646,SHORT,FICO,1,1853.29,Short Signal
2025-03-24T01:22:33.174649,SHORT,IRON,38,52.24,Short Signal
2025-03-24T01:22:33.741158,SHORT,ALHC,113,17.61,Short Signal
2025-03-24T01:22:33.977765,BUY,PSEC,296.2085,4.22,New Signal
2025-03-24T01:22:34.326056,SHORT,INTU,3,604.04,Short Signal
2025-03-24T01:22:34.888433,SHORT,IOT,49,40.16,Short Signal
2025-03-24T01:22:35.047824,BUY,EONR,2029.2208,0.616,New Signal
2025-03-24T01:22:35.448391,SHORT,RDDT,17,115.7,Short Signal
2025-03-24T01:22:36.010010,SHORT,SFM,14,142.39,Short Signal
2025-03-24T01:22:36.136913,BUY,VG,107.6658,11.61,New Signal
2025-03-24T01:22:36.569167,SHORT,DUOL,6,309.3,Short Signal
2025-03-24T01:22:37.226742,BUY,KRO,162.1271,7.71,New Signal
2025-03-24T01:22:37.677566,SHORT,AVAH,378,5.29,Short Signal
2025-03-24T01:22:38.295421,SHORT,MGPI,67,29.55,Short Signal
2025-03-24T01:22:38.312187,BUY,RCG,543.4783,2.3,New Signal
2025-03-24T01:22:39.417222,BUY,CULP,232.7747,5.37,New Signal
2025-03-24T01:22:40.535259,BUY,FCNCA,0.6752,1851.2,New Signal
2025-03-24T01:22:42.649822,BUY,MCVT,694.4445,1.8,New Signal
2025-03-24T01:22:43.725841,BUY,ECAT,77.0179,16.23,New Signal
2025-03-24T01:22:44.792686,BUY,SRBK,106.0221,11.79,New Signal
2025-03-24T01:55:40.146880,BUY,TREE,24.1873,51.68,New Signal
2025-03-24T01:55:41.252288,BUY,CUBA,464.684,2.69,New Signal
2025-03-24T01:55:43.399776,BUY,PSEC,296.2085,4.22,New Signal
2025-03-24T01:55:44.464495,BUY,EONR,2029.2208,0.616,New Signal
2025-03-24T01:55:45.530107,BUY,VG,107.6658,11.61,New Signal
2025-03-24T01:55:46.618192,BUY,KRO,162.1271,7.71,New Signal
2025-03-24T01:55:47.718634,BUY,RCG,543.4783,2.3,New Signal
2025-03-24T01:55:48.831256,BUY,CULP,232.7747,5.37,New Signal
2025-03-24T01:55:49.951922,BUY,FCNCA,0.6752,1851.2,New Signal
2025-03-24T01:55:52.074003,BUY,MCVT,694.4445,1.8,New Signal
2025-03-24T01:55:53.152362,BUY,ECAT,77.0179,16.23,New Signal
2025-03-24T01:55:54.217434,BUY,SRBK,106.0221,11.79,New Signal
2025-03-24T01:55:55.282106,BUY,WEST,181.4224,6.89,New Signal
2025-03-24T01:55:56.488766,SHORT,TEAM,5,227.34,Short Signal
2025-03-24T01:55:57.050035,SHORT,APP,3,314.03,Short Signal
2025-03-24T01:55:57.622791,SHORT,EQIX,1,834.59,Short Signal
2025-03-24T01:55:59.317584,SHORT,IRON,22,52.24,Short Signal
2025-03-24T01:55:59.880172,SHORT,ALHC,67,17.61,Short Signal
2025-03-24T01:56:00.456826,SHORT,INTU,1,604.04,Short Signal
2025-03-24T01:56:01.015222,SHORT,IOT,29,40.16,Short Signal
2025-03-24T01:56:01.571763,SHORT,RDDT,10,115.7,Short Signal
2025-03-24T01:56:02.161569,SHORT,SFM,8,142.39,Short Signal
2025-03-24T01:56:02.720359,SHORT,DUOL,3,309.3,Short Signal
2025-03-24T01:56:03.829361,SHORT,AVAH,223,5.29,Short Signal
2025-03-24T01:56:04.421982,SHORT,MGPI,39,29.55,Short Signal
2025-03-24T01:57:18.189379,BUY,TREE,24.1873,51.68,New Signal
2025-03-24T01:57:19.302331,BUY,CUBA,464.684,2.69,New Signal
2025-03-24T01:57:21.439880,BUY,PSEC,296.2085,4.22,New Signal
2025-03-24T01:57:22.502693,BUY,EONR,2029.2208,0.616,New Signal
2025-03-24T01:57:23.567884,BUY,VG,107.6658,11.61,New Signal
2025-03-24T01:57:24.658829,BUY,KRO,162.1271,7.71,New Signal
2025-03-24T01:57:25.756190,BUY,RCG,543.4783,2.3,New Signal
2025-03-24T01:57:26.880506,BUY,CULP,232.7747,5.37,New Signal
2025-03-24T01:57:27.980769,BUY,FCNCA,0.6752,1851.2,New Signal
2025-03-24T01:57:37.842159,SHORT,ALHC,2,17.61,Short Signal
2025-03-24T01:57:41.653023,SHORT,AVAH,6,5.29,Short Signal
2025-03-24T01:57:42.255452,SHORT,MGPI,1,29.55,Short Signal
2025-03-24T09:30:04.123418,SHORT,APP,6,327.66,Short Signal
2025-03-24T09:30:04.356061,SHORT,APP,6,327.66,Short Signal
2025-03-24T09:30:06.398252,SHORT,IRON,38,52.49,Short Signal
2025-03-24T09:30:06.665478,SHORT,IRON,38,52.49,Short Signal
2025-03-24T09:30:06.961439,SHORT,ALHC,112,17.74,Short Signal
2025-03-24T09:30:07.226062,SHORT,ALHC,112,17.74,Short Signal
2025-03-24T09:30:07.554668,SHORT,INTU,3,607.5,Short Signal
2025-03-24T09:30:07.818398,SHORT,INTU,3,607.5,Short Signal
2025-03-24T09:30:08.167697,SHORT,IOT,48,41.48,Short Signal
2025-03-24T09:30:08.381354,SHORT,IOT,48,41.48,Short Signal
2025-03-24T09:30:08.737734,SHORT,RDDT,16,119.81,Short Signal
2025-03-24T09:30:08.961028,SHORT,RDDT,16,119.81,Short Signal
2025-03-24T09:30:09.304849,SHORT,SFM,13,143.13,Short Signal
2025-03-24T09:30:09.526309,SHORT,SFM,13,143.13,Short Signal
2025-03-24T09:30:09.882918,SHORT,DUOL,6,318.58,Short Signal
2025-03-24T09:30:10.136441,SHORT,DUOL,6,318.58,Short Signal
2025-03-24T09:30:11.697548,SHORT,MGPI,67,29.58,Short Signal
2025-03-24T09:30:12.149007,SHORT,MGPI,67,29.58,Short Signal
2025-03-24T09:32:03.016518,SHORT,TEAM,2,234.4,Short Signal
2025-03-24T09:32:05.884478,SHORT,AVAH,105,5.51,Short Signal
